BaseName,Type
10_27602c3c7474f0f4,0
10_36384f7b1ccb6d69,0
10_70f69c2d22d5c2b2,0
10_9e113f0426d60aaf,0
10_b2a460f32b53cd30,0
10_bf5a8bbca38d4c97,0
11_27602c3c7474f0f4,0
11_36384f7b1ccb6d69,0
11_70f69c2d22d5c2b2,0
11_9e113f0426d60aaf,0
11_bf5a8bbca38d4c97,0
12_27602c3c7474f0f4,0
12_9e113f0426d60aaf,0
12_bf5a8bbca38d4c97,0
13_27602c3c7474f0f4,0
13_9e113f0426d60aaf,0
13_bf5a8bbca38d4c97,0
14_27602c3c7474f0f4,0
14_9e113f0426d60aaf,0
14_bf5a8bbca38d4c97,0
15_9e113f0426d60aaf,0
16_9e113f0426d60aaf,0
17_9e113f0426d60aaf,0
18_9e113f0426d60aaf,0
19_9e113f0426d60aaf,0
1_00867630c33e0500,0
1_01283048bd84fbf5,0
1_0265eb6e99401b7b,0
1_046e468c37ca0b7c,0
1_04792ff56b0eb66a,0
1_08438c38f7c796c5,0
1_08bcbdd2aee212b3,0
1_08d6c4046a9c3819,0
1_0b43c30617054b36,0
1_0bd3f72ead896ea1,0
1_0c68d78ca923d05f,0
1_0cdf6358a68b24cd,0
1_0ead749a1a025b02,0
1_0f7f7e195d0caf75,0
1_10d63c24632b732f,0
1_123c2b3ad52add2a,0
1_13a891e06520de09,0
1_13c61c85e0be6dad,0
1_1535e44e74f34475,0
1_193fdd653fccfb7a,0
1_199ff16006ab26e7,0
1_1d5d0d09375532c0,0
1_1db3658f151852ca,0
1_1dc35558208b56e2,0
1_1dc6de9f29980898,0
1_1df8ca4bc5c5247a,0
1_1eca8923924cd689,0
1_1f986908a3b3668b,0
1_214f5e782f6ece32,0
1_21659114da515185,0
1_2188b43cb3818572,0
1_241d52e97b230b77,0
1_24f0be601c5ce347,0
1_258305181793e4b8,0
1_263a918e3149db16,0
1_27602c3c7474f0f4,0
1_28c2327c1045d0e9,0
1_2a173ad9fd450f30,0
1_2c7cf4b6aebf76d5,0
1_2cf71a0f24e2f91e,0
1_2d0e933a4750afce,0
1_2d279f809c9acf68,0
1_2ecc326f7a9f6431,0
1_300aef488d7c0d19,0
1_329c990d31b0c903,0
1_338a8693f9c709cf,0
1_341a2bc4731c46e4,0
1_35201e16a2f36f72,0
1_35cd410d384ca9fb,0
1_36343b839ad80ce4,0
1_36384f7b1ccb6d69,0
1_36670845b209b1cc,0
1_36721b6448276646,0
1_37f9f3017dbfc4cb,0
1_3816040fa1b28b0d,0
1_384880f5c0ea3eee,0
1_3861314e34317148,0
1_38f7d6960b128b53,0
1_39c95a893000982b,0
1_39f082a70d9b3f54,0
1_3a0add8d7b586daa,0
1_3a14e89b999c4af2,0
1_3a6b3787caa5529f,0
1_3b08691ff43fbf5a,0
1_3d513d0fe269a42a,0
1_3e065df2e268de8c,0
1_435d56e08437c90d,0
1_45dfcb0729e1d6cf,0
1_46a446af05e7ade3,0
1_4735838802ede9d8,0
1_487256f84c493d2f,0
1_4880f07142ce1e49,0
1_48e6f2b2cb8477d7,0
1_49777d88f3e63139,0
1_4a792afbb93aed96,0
1_4a8fa2c0e79ccde8,0
1_4b017ded3ab22814,0
1_4b1f2060726d6223,0
1_4ba00b9932827478,0
1_4bd270ee67100cf3,0
1_4bf11008a25c35b7,0
1_4c8b858b38df1d23,0
1_50c2b81ffecd7faa,0
1_5120736521ee20e6,0
1_52cb8151cf3e048f,0
1_53ebcc18dce00dff,0
1_541c59f13999ad6c,0
1_547d718619fe1f39,0
1_551acbdf9800f4de,0
1_588b5fcac30f16fb,0
1_5bec0152a94f6105,0
1_5c165db5a457b678,0
1_5d6e9487604c7104,0
1_5e884936fd30f554,0
1_6125708b71c2a1d9,0
1_61e780546f7cc04c,0
1_6224f49f2b8741cb,0
1_63f2698f9b0f29c0,0
1_65655dfec59d28af,0
1_66ba22e56e4f401d,0
1_6707bf692d6d1785,0
1_682508785525cfad,0
1_6d56dcee489b72ff,0
1_6dbed6c244d04a9f,0
1_6df2bf4f047c2ccc,0
1_6eb62d99c2e07e97,0
1_6f62444ca90204e2,0
1_6f67158e74f9b7fd,0
1_6fc9261af80a6f89,0
1_70960c59fb1d94e3,0
1_70f69c2d22d5c2b2,0
1_719454ad93f923a4,0
1_72c45dc16e4fd8b0,0
1_730e4fb40e0dda7f,0
1_75bbd240d97210d4,0
1_75cd916caaf837e1,0
1_7821ddce17210d12,0
1_7bcf4b27c9cd9601,0
1_7c65d10e6e7ec496,0
1_7cb205fdefc5e08c,0
1_7e5a81b8fe5ca011,0
1_7fae328793d69ea7,0
1_7feb348283ac9f81,0
1_80bbf66d0917e5a8,0
1_8134558a5c35b563,0
1_81661d59ee13eb73,0
1_816b14e20ebc97d2,0
1_84c4f868f4c0d574,0
1_857368c490bc8b47,0
1_862aae20eca6f3be,0
1_8693e56cd8b97ff8,0
1_8757154029d0a593,0
1_88ed83257c98ffab,0
1_8b32ca977ef1f70b,0
1_8c2e8c96faca70cb,0
1_8cfb0bd900c660ea,0
1_90554dd9e67d3b7e,0
1_92e1bcd94129c620,0
1_930982a4472b0718,0
1_95950235a985c3dc,0
1_977827ccd7ab6fb7,0
1_99624131d7a10628,0
1_9c5a351a1190e7d4,0
1_9dbed97635dc7a13,0
1_9e113f0426d60aaf,0
1_9e6f7042ed50d988,0
1_a130b09a01183cda,0
1_a3f4b9929331d4de,0
1_a4e8691c85dfc305,0
1_a51db2d7e3a6fd2b,0
1_a5a0ebedd818c78a,0
1_a6f91177b7f8509e,0
1_a73cfd13d51db9e2,0
1_a7a8e902f054cedd,0
1_ab3f44507123d283,0
1_abab1fe6288caccd,0
1_ac94a2ea5c1ea835,0
1_acf4a346aeb25954,0
1_adc2494b948b647b,0
1_adf57aad29f25b54,0
1_b20ac89cfc2e5e9d,0
1_b285743040fc052d,0
1_b2a460f32b53cd30,0
1_b5e696a152e23e4b,0
1_b70fd78ab4bb9447,0
1_bd10a561b5b50610,0
1_bf14451d35b96625,0
1_bf5a8bbca38d4c97,0
1_bf76aa960ceadcd0,0
1_c154313c9d7db07c,0
1_c158e373c89ad9e0,0
1_c2bc0c3329608080,0
1_c3babadd928fb5c8,0
1_c583db6410dca8fd,0
1_c76422251470abe2,0
1_c774db2a4725c81f,0
1_cd8ed61915c66cd6,0
1_cee2db97f49295e3,0
1_cf72a9dded0c1919,0
1_cfa8e1d3b48230b7,0
1_d37d677ae0602400,0
1_d43ca50e5df35182,0
1_d5a5d71e7e742a75,0
1_d692ca3fff40bba5,0
1_d712a9a6aad1f53a,0
1_d90fd3c3ff7981ba,0
1_da1f7a8a45bb02a1,0
1_da65770ecae34916,0
1_da837144e81a7bda,0
1_db126c4d7e3bd4ac,0
1_dcf908cc75bd690c,0
1_de46aae36fa909fb,0
1_e2ad59a991302419,0
1_e575f8449ec10e06,0
1_e64ca2660e8587cd,0
1_e6b2997fb2dcf3dd,0
1_e71235126cec2ee8,0
1_e7e3709bf56af370,0
1_e9214351d1461bd7,0
1_e9ae2b9f4f58cdbc,0
1_ee021b6099f7392d,0
1_ef014bd4ef84bd28,0
1_f0c3cc548c31c175,0
1_f28c246dffd6cb26,0
1_f296de24b36916bc,0
1_f444cfd9c8c9bde5,0
1_f6083c3e508636b5,0
1_f75e5f9850ee9a08,0
1_f8dae9bc17e3e5be,0
1_fa00c0dbba0cb29a,0
1_faa69cfeb89904af,0
1_fb7896f038de5983,0
1_fbca5f347c552093,0
1_fcbd2db5d34cb191,0
1_fd723cddf51f31e9,0
1_ff9df7f5f20fef12,0
20_9e113f0426d60aaf,0
21_9e113f0426d60aaf,0
22_9e113f0426d60aaf,0
2_00695d43ffc3d286,0
2_01283048bd84fbf5,0
2_0265eb6e99401b7b,0
2_04792ff56b0eb66a,0
2_04b5c75118d24591,0
2_08438c38f7c796c5,0
2_08bcbdd2aee212b3,0
2_08d6c4046a9c3819,0
2_0c5799890e848d8a,0
2_0c68d78ca923d05f,0
2_0cdf6358a68b24cd,0
2_0fc4c202e8cfd8a9,0
2_106e203f01da2400,0
2_10d63c24632b732f,0
2_123c2b3ad52add2a,0
2_13a891e06520de09,0
2_13c61c85e0be6dad,0
2_1535e44e74f34475,0
2_154a385d1af3f224,0
2_15b8a800daf1d25d,0
2_193fdd653fccfb7a,0
2_1d5d0d09375532c0,0
2_1dc35558208b56e2,0
2_1dc6de9f29980898,0
2_1dea67284012ce7e,0
2_1eca8923924cd689,0
2_214f5e782f6ece32,0
2_21659114da515185,0
2_2188b43cb3818572,0
2_241d52e97b230b77,0
2_24f0be601c5ce347,0
2_258305181793e4b8,0
2_263a918e3149db16,0
2_26c6779aae48f99e,0
2_27602c3c7474f0f4,0
2_2a173ad9fd450f30,0
2_2c7cf4b6aebf76d5,0
2_2cf71a0f24e2f91e,0
2_2d0e933a4750afce,0
2_2d279f809c9acf68,0
2_300aef488d7c0d19,0
2_30556018ac3bde3e,0
2_338a8693f9c709cf,0
2_33ba526e834db764,0
2_341a2bc4731c46e4,0
2_342dbf56f07ca048,0
2_34890db345440e09,0
2_35201e16a2f36f72,0
2_35342aeeafa21a61,0
2_35cd410d384ca9fb,0
2_36343b839ad80ce4,0
2_36384f7b1ccb6d69,0
2_37f9f3017dbfc4cb,0
2_3861314e34317148,0
2_38f7d6960b128b53,0
2_39c95a893000982b,0
2_39f082a70d9b3f54,0
2_3b08691ff43fbf5a,0
2_3d4632b0a37da088,0
2_3d513d0fe269a42a,0
2_3e065df2e268de8c,0
2_3e4cfeec22108ef8,0
2_3ed0c4cde7cad1e1,0
2_3fc9cd9eb54220a6,0
2_4115398d4e0bc389,0
2_435d56e08437c90d,0
2_45dfcb0729e1d6cf,0
2_46a446af05e7ade3,0
2_4735838802ede9d8,0
2_487256f84c493d2f,0
2_49777d88f3e63139,0
2_4a8fa2c0e79ccde8,0
2_4b017ded3ab22814,0
2_4ba00b9932827478,0
2_4c0c2babab98a3a8,0
2_4c8b858b38df1d23,0
2_4cf3378ca9e6152b,0
2_4f3d7f6ba1cd6fe6,0
2_50c2b81ffecd7faa,0
2_50e8a26240a98f3c,0
2_52cb8151cf3e048f,0
2_53ebcc18dce00dff,0
2_541c59f13999ad6c,0
2_542fe653c49176a5,0
2_551acbdf9800f4de,0
2_56bb5aede6a8128d,0
2_574de4d65d34c8f1,0
2_576a743f9efbcea4,0
2_5a42c810aa7cd2d6,0
2_5a88e7a589af1b31,0
2_5aa45583363306fc,0
2_5abdaf46d0f031c5,0
2_5bec0152a94f6105,0
2_5c165db5a457b678,0
2_5d6e9487604c7104,0
2_61e780546f7cc04c,0
2_6224f49f2b8741cb,0
2_63f2698f9b0f29c0,0
2_67edada6e768b3c1,0
2_682508785525cfad,0
2_6850632caf65cf4f,0
2_6bd2aba43f5584ae,0
2_6dbed6c244d04a9f,0
2_6df2bf4f047c2ccc,0
2_6f58a2c82030f254,0
2_6f62444ca90204e2,0
2_6f67158e74f9b7fd,0
2_6fc9261af80a6f89,0
2_700b89c5cc0c00f1,0
2_70f69c2d22d5c2b2,0
2_714088a321922bdb,0
2_718449378f127106,0
2_719454ad93f923a4,0
2_72c45dc16e4fd8b0,0
2_7380968c36a0725b,0
2_73998966f44fb0ce,0
2_77f8fd8a4f1fa522,0
2_782ab5cf983385b7,0
2_7bcf4b27c9cd9601,0
2_7becac98011e195e,0
2_7c65d10e6e7ec496,0
2_7cb205fdefc5e08c,0
2_7fae328793d69ea7,0
2_80bbf66d0917e5a8,0
2_8134558a5c35b563,0
2_81661d59ee13eb73,0
2_816b14e20ebc97d2,0
2_857368c490bc8b47,0
2_861f1603360d443d,0
2_862aae20eca6f3be,0
2_8693e56cd8b97ff8,0
2_8757154029d0a593,0
2_88df1ad4b7dbb619,0
2_8a4b0c9e0d5c2edc,0
2_8b32ca977ef1f70b,0
2_8c2e8c96faca70cb,0
2_8cfb0bd900c660ea,0
2_8d4c40794abc3ab1,0
2_8f68832c698c782e,0
2_901e909c150cbc10,0
2_930982a4472b0718,0
2_938e1312c4b136dd,0
2_95950235a985c3dc,0
2_95cd1d657b4e4204,0
2_977827ccd7ab6fb7,0
2_99a6ea6c8e37b714,0
2_9e113f0426d60aaf,0
2_a22d2ad8349cd41d,0
2_a42d3bda8502ae88,0
2_a4e8691c85dfc305,0
2_a5a0ebedd818c78a,0
2_a6f91177b7f8509e,0
2_a7138e02454f327f,0
2_a73cfd13d51db9e2,0
2_a7a8e902f054cedd,0
2_a88c5ff52fad1855,0
2_abab1fe6288caccd,0
2_ac94a2ea5c1ea835,0
2_acf4a346aeb25954,0
2_adc2494b948b647b,0
2_adf57aad29f25b54,0
2_af6a72e2341fc588,0
2_afe3a69c68533d55,0
2_b0c8bc4462adf3c2,0
2_b285743040fc052d,0
2_b2a460f32b53cd30,0
2_b3ce2d7d57de928d,0
2_b5331859aeb05abd,0
2_b5e696a152e23e4b,0
2_b69e018cc124a22b,0
2_ba5279d2fe85933b,0
2_bd10a561b5b50610,0
2_bf5a8bbca38d4c97,0
2_bf76aa960ceadcd0,0
2_c09b5dbd4273e872,0
2_c2a13eb51933fdd4,0
2_c3babadd928fb5c8,0
2_c583db6410dca8fd,0
2_c5a66cb9a138494d,0
2_c64c84173ebe9bf6,0
2_c76422251470abe2,0
2_cd7ba39b2f043136,0
2_cd8ed61915c66cd6,0
2_cee2db97f49295e3,0
2_cf72a9dded0c1919,0
2_d35f7d588d847bb5,0
2_d37d677ae0602400,0
2_d43ca50e5df35182,0
2_d5a5d71e7e742a75,0
2_d692ca3fff40bba5,0
2_d7f6e2c369b768be,0
2_d8ad7dbbf33b18de,0
2_d8caf6e794e8314e,0
2_da1f7a8a45bb02a1,0
2_da837144e81a7bda,0
2_dcf908cc75bd690c,0
2_dd3e3434a9b7d294,0
2_dd4fa1681b34653a,0
2_de46aae36fa909fb,0
2_df5c08303fec5d64,0
2_e2ad59a991302419,0
2_e56a78f391e17d2c,0
2_e575f8449ec10e06,0
2_e64ca2660e8587cd,0
2_e6b2997fb2dcf3dd,0
2_e71235126cec2ee8,0
2_e719f0bdca4f0610,0
2_e9ae2b9f4f58cdbc,0
2_ec38ec5fc5a025e0,0
2_ee021b6099f7392d,0
2_f004a10f723b8f7d,0
2_f28c246dffd6cb26,0
2_f296de24b36916bc,0
2_f2a8953ba92c1733,0
2_f6083c3e508636b5,0
2_fa39fd94aa9d807b,0
2_faa69cfeb89904af,0
2_fb02169b40d60461,0
2_fcbd2db5d34cb191,0
2_fd723cddf51f31e9,0
2_ff9df7f5f20fef12,0
3_0265eb6e99401b7b,0
3_04792ff56b0eb66a,0
3_08bcbdd2aee212b3,0
3_08d6c4046a9c3819,0
3_0c5799890e848d8a,0
3_0c68d78ca923d05f,0
3_0cdf6358a68b24cd,0
3_10d63c24632b732f,0
3_1535e44e74f34475,0
3_18e21b8588da29d5,0
3_1d5d0d09375532c0,0
3_1dc35558208b56e2,0
3_1dc6de9f29980898,0
3_1eca8923924cd689,0
3_21659114da515185,0
3_2188b43cb3818572,0
3_24f0be601c5ce347,0
3_254d8ef1976131fc,0
3_258305181793e4b8,0
3_26c6779aae48f99e,0
3_27602c3c7474f0f4,0
3_2d279f809c9acf68,0
3_2f008b21392576e2,0
3_300aef488d7c0d19,0
3_338a8693f9c709cf,0
3_33ba526e834db764,0
3_35342aeeafa21a61,0
3_35cd410d384ca9fb,0
3_36384f7b1ccb6d69,0
3_37f9f3017dbfc4cb,0
3_3861314e34317148,0
3_38f7d6960b128b53,0
3_39f082a70d9b3f54,0
3_3b08691ff43fbf5a,0
3_3d513d0fe269a42a,0
3_3e065df2e268de8c,0
3_3ed0c4cde7cad1e1,0
3_3fc9cd9eb54220a6,0
3_4115398d4e0bc389,0
3_42c069d558a8a4ed,0
3_435d56e08437c90d,0
3_46a446af05e7ade3,0
3_4735838802ede9d8,0
3_487256f84c493d2f,0
3_4a792afbb93aed96,0
3_4a8fa2c0e79ccde8,0
3_4c8b858b38df1d23,0
3_4cf3378ca9e6152b,0
3_4f3d7f6ba1cd6fe6,0
3_52cb8151cf3e048f,0
3_541c59f13999ad6c,0
3_574de4d65d34c8f1,0
3_5a88e7a589af1b31,0
3_5abbb2fc75efa64e,0
3_5b53afb03864bf8b,0
3_5c165db5a457b678,0
3_5d6e9487604c7104,0
3_63f2698f9b0f29c0,0
3_66ba22e56e4f401d,0
3_66e753ad419e775d,0
3_67edada6e768b3c1,0
3_684473f798768fbc,0
3_6bd2aba43f5584ae,0
3_6df2bf4f047c2ccc,0
3_6f58a2c82030f254,0
3_700b89c5cc0c00f1,0
3_70f69c2d22d5c2b2,0
3_719454ad93f923a4,0
3_7210013193ea6fe8,0
3_7497812045c1278d,0
3_75bbd240d97210d4,0
3_767f16c6a72274b5,0
3_77f8fd8a4f1fa522,0
3_782ab5cf983385b7,0
3_7b116aeeecee1345,0
3_7c65d10e6e7ec496,0
3_7cb205fdefc5e08c,0
3_7feb348283ac9f81,0
3_8080b1dc267c1279,0
3_80f9987cfeaca1a0,0
3_8134558a5c35b563,0
3_81446848b0f39bf2,0
3_81661d59ee13eb73,0
3_816b14e20ebc97d2,0
3_8432b6811400c48d,0
3_861f1603360d443d,0
3_862aae20eca6f3be,0
3_8693e56cd8b97ff8,0
3_8757154029d0a593,0
3_8a4b0c9e0d5c2edc,0
3_8b32ca977ef1f70b,0
3_8c033e18b7ee01b6,0
3_8c2e8c96faca70cb,0
3_8f68832c698c782e,0
3_95950235a985c3dc,0
3_95cd1d657b4e4204,0
3_97f24865ecaedd4a,0
3_99a6ea6c8e37b714,0
3_9a8d0f3689c97ea5,0
3_9c5a351a1190e7d4,0
3_9e113f0426d60aaf,0
3_a130b09a01183cda,0
3_a1dd30586181c7c7,0
3_a42d3bda8502ae88,0
3_a4e8691c85dfc305,0
3_a7138e02454f327f,0
3_a88c5ff52fad1855,0
3_ab3f44507123d283,0
3_ac94a2ea5c1ea835,0
3_acf4a346aeb25954,0
3_adf57aad29f25b54,0
3_b2a460f32b53cd30,0
3_b3ce2d7d57de928d,0
3_b5331859aeb05abd,0
3_b5d6d660f7505e85,0
3_b5e696a152e23e4b,0
3_b69e018cc124a22b,0
3_bf5a8bbca38d4c97,0
3_bf76aa960ceadcd0,0
3_c1b879d5908e5e41,0
3_c2bc0c3329608080,0
3_c391e7556535bfcd,0
3_c3babadd928fb5c8,0
3_c583db6410dca8fd,0
3_c64c84173ebe9bf6,0
3_c76422251470abe2,0
3_cd8ed61915c66cd6,0
3_cee2db97f49295e3,0
3_cf72a9dded0c1919,0
3_d37d677ae0602400,0
3_d424b0bf7e556cbb,0
3_d60818deee6555e6,0
3_d692ca3fff40bba5,0
3_d75e01e7e3549940,0
3_d7f6e2c369b768be,0
3_da1f7a8a45bb02a1,0
3_dd4fa1681b34653a,0
3_de46aae36fa909fb,0
3_e18c5c7eb8b811ef,0
3_e56a78f391e17d2c,0
3_e575f8449ec10e06,0
3_e64ca2660e8587cd,0
3_e6b2997fb2dcf3dd,0
3_e6e8c67192a53350,0
3_e9ae2b9f4f58cdbc,0
3_ecbd6c539b2e33a7,0
3_f0c3cc548c31c175,0
3_f28c246dffd6cb26,0
3_f6eeaf1d23c23444,0
3_f9c2b67a62785a55,0
3_fa39fd94aa9d807b,0
3_fb02169b40d60461,0
4_00867630c33e0500,0
4_0265eb6e99401b7b,0
4_04b5c75118d24591,0
4_08bcbdd2aee212b3,0
4_0c68d78ca923d05f,0
4_0fc4c202e8cfd8a9,0
4_1535e44e74f34475,0
4_15b8a800daf1d25d,0
4_1dc35558208b56e2,0
4_1dc6de9f29980898,0
4_1eca8923924cd689,0
4_1f986908a3b3668b,0
4_2188b43cb3818572,0
4_254d8ef1976131fc,0
4_258305181793e4b8,0
4_2701a371d297316f,0
4_27602c3c7474f0f4,0
4_2c7cf4b6aebf76d5,0
4_2d279f809c9acf68,0
4_2ecc326f7a9f6431,0
4_300aef488d7c0d19,0
4_338a8693f9c709cf,0
4_33ba526e834db764,0
4_342dbf56f07ca048,0
4_35342aeeafa21a61,0
4_3593bdf1711424ae,0
4_35cd410d384ca9fb,0
4_36384f7b1ccb6d69,0
4_37f9f3017dbfc4cb,0
4_384880f5c0ea3eee,0
4_3861314e34317148,0
4_39f082a70d9b3f54,0
4_3b08691ff43fbf5a,0
4_3e065df2e268de8c,0
4_3e4cfeec22108ef8,0
4_42c069d558a8a4ed,0
4_46a446af05e7ade3,0
4_4735838802ede9d8,0
4_477ac161d854a754,0
4_487256f84c493d2f,0
4_4a8fa2c0e79ccde8,0
4_4cf3378ca9e6152b,0
4_4f3d7f6ba1cd6fe6,0
4_52cb8151cf3e048f,0
4_542fe653c49176a5,0
4_55741070d16907ac,0
4_574de4d65d34c8f1,0
4_5a88e7a589af1b31,0
4_5abdaf46d0f031c5,0
4_5b53afb03864bf8b,0
4_5d6e9487604c7104,0
4_5ddb2b5f7ec29f3d,0
4_5e884936fd30f554,0
4_66e753ad419e775d,0
4_67edada6e768b3c1,0
4_684473f798768fbc,0
4_6bd2aba43f5584ae,0
4_6df2bf4f047c2ccc,0
4_6f58a2c82030f254,0
4_70f69c2d22d5c2b2,0
4_7210013193ea6fe8,0
4_72c45dc16e4fd8b0,0
4_77f8fd8a4f1fa522,0
4_7becac98011e195e,0
4_7c65d10e6e7ec496,0
4_7feb348283ac9f81,0
4_8080b1dc267c1279,0
4_80f9987cfeaca1a0,0
4_8134558a5c35b563,0
4_81661d59ee13eb73,0
4_861f1603360d443d,0
4_862aae20eca6f3be,0
4_8693e56cd8b97ff8,0
4_8c2e8c96faca70cb,0
4_8f68832c698c782e,0
4_901e909c150cbc10,0
4_95950235a985c3dc,0
4_95cd1d657b4e4204,0
4_977827ccd7ab6fb7,0
4_9d4404e0e2be6cf2,0
4_9e113f0426d60aaf,0
4_a1dd30586181c7c7,0
4_a4e8691c85dfc305,0
4_a5a0ebedd818c78a,0
4_a7983501ca9127f3,0
4_a7c2cd27c78c21ff,0
4_adf57aad29f25b54,0
4_afe3a69c68533d55,0
4_b2a460f32b53cd30,0
4_b3ce2d7d57de928d,0
4_b5e696a152e23e4b,0
4_bd667155fc7a755d,0
4_bf5a8bbca38d4c97,0
4_bf76aa960ceadcd0,0
4_c09b5dbd4273e872,0
4_c2a13eb51933fdd4,0
4_c2bc0c3329608080,0
4_c391e7556535bfcd,0
4_c3babadd928fb5c8,0
4_c56cbc0ed5e89c07,0
4_c583db6410dca8fd,0
4_c64c84173ebe9bf6,0
4_c76422251470abe2,0
4_cee2db97f49295e3,0
4_cf72a9dded0c1919,0
4_d37d677ae0602400,0
4_d75e01e7e3549940,0
4_d8ad7dbbf33b18de,0
4_da1f7a8a45bb02a1,0
4_dd4fa1681b34653a,0
4_e18c5c7eb8b811ef,0
4_e56a78f391e17d2c,0
4_e575f8449ec10e06,0
4_e64ca2660e8587cd,0
4_e6b2997fb2dcf3dd,0
4_e719f0bdca4f0610,0
4_e9ae2b9f4f58cdbc,0
4_ec38ec5fc5a025e0,0
4_ecbd6c539b2e33a7,0
4_f0c3cc548c31c175,0
4_f28c246dffd6cb26,0
4_fa39fd94aa9d807b,0
4_faa69cfeb89904af,0
4_fb02169b40d60461,0
4_fcbd2db5d34cb191,0
5_08438c38f7c796c5,0
5_08bcbdd2aee212b3,0
5_0c68d78ca923d05f,0
5_17dfe62d3d065ab5,0
5_1dc6de9f29980898,0
5_1eca8923924cd689,0
5_1f986908a3b3668b,0
5_2188b43cb3818572,0
5_254d8ef1976131fc,0
5_258305181793e4b8,0
5_27602c3c7474f0f4,0
5_2d279f809c9acf68,0
5_338a8693f9c709cf,0
5_33ba526e834db764,0
5_35342aeeafa21a61,0
5_3593bdf1711424ae,0
5_35cd410d384ca9fb,0
5_36384f7b1ccb6d69,0
5_37f9f3017dbfc4cb,0
5_3861314e34317148,0
5_39f082a70d9b3f54,0
5_4115398d4e0bc389,0
5_46a446af05e7ade3,0
5_487256f84c493d2f,0
5_4a8fa2c0e79ccde8,0
5_4bd270ee67100cf3,0
5_4cf3378ca9e6152b,0
5_4f3d7f6ba1cd6fe6,0
5_542fe653c49176a5,0
5_5b53afb03864bf8b,0
5_5c165db5a457b678,0
5_5e884936fd30f554,0
5_66e753ad419e775d,0
5_6850632caf65cf4f,0
5_6bd2aba43f5584ae,0
5_6df2bf4f047c2ccc,0
5_70f69c2d22d5c2b2,0
5_77f8fd8a4f1fa522,0
5_782ab5cf983385b7,0
5_7b116aeeecee1345,0
5_7feb348283ac9f81,0
5_8080b1dc267c1279,0
5_80f9987cfeaca1a0,0
5_8134558a5c35b563,0
5_8757154029d0a593,0
5_8f68832c698c782e,0
5_901e909c150cbc10,0
5_95cd1d657b4e4204,0
5_977827ccd7ab6fb7,0
5_99624131d7a10628,0
5_9e113f0426d60aaf,0
5_a42d3bda8502ae88,0
5_a7983501ca9127f3,0
5_afe3a69c68533d55,0
5_b2a460f32b53cd30,0
5_b3ce2d7d57de928d,0
5_b5331859aeb05abd,0
5_b69e018cc124a22b,0
5_bf5a8bbca38d4c97,0
5_c08f31f37a64691b,0
5_c583db6410dca8fd,0
5_c64c84173ebe9bf6,0
5_c76422251470abe2,0
5_cd7ba39b2f043136,0
5_d37d677ae0602400,0
5_d424b0bf7e556cbb,0
5_d60818deee6555e6,0
5_d6876ecb1c66f291,0
5_d8ad7dbbf33b18de,0
5_d8caf6e794e8314e,0
5_dd4fa1681b34653a,0
5_e56a78f391e17d2c,0
5_e575f8449ec10e06,0
5_e6e8c67192a53350,0
5_f28c246dffd6cb26,0
5_f9c2b67a62785a55,0
5_fb02169b40d60461,0
6_0c68d78ca923d05f,0
6_15b8a800daf1d25d,0
6_1dc6de9f29980898,0
6_2188b43cb3818572,0
6_258305181793e4b8,0
6_27602c3c7474f0f4,0
6_2d279f809c9acf68,0
6_338a8693f9c709cf,0
6_33ba526e834db764,0
6_3593bdf1711424ae,0
6_36384f7b1ccb6d69,0
6_3861314e34317148,0
6_4115398d4e0bc389,0
6_46a446af05e7ade3,0
6_487256f84c493d2f,0
6_4a8fa2c0e79ccde8,0
6_4cf3378ca9e6152b,0
6_542fe653c49176a5,0
6_5a88e7a589af1b31,0
6_5e884936fd30f554,0
6_6df2bf4f047c2ccc,0
6_70f69c2d22d5c2b2,0
6_7961f4ef41ee1759,0
6_7b116aeeecee1345,0
6_7becac98011e195e,0
6_7feb348283ac9f81,0
6_8080b1dc267c1279,0
6_862aae20eca6f3be,0
6_8693e56cd8b97ff8,0
6_8f68832c698c782e,0
6_95cd1d657b4e4204,0
6_99624131d7a10628,0
6_9c5a351a1190e7d4,0
6_9e113f0426d60aaf,0
6_a1dd30586181c7c7,0
6_a42d3bda8502ae88,0
6_b2a460f32b53cd30,0
6_b3ce2d7d57de928d,0
6_bf5a8bbca38d4c97,0
6_c09b5dbd4273e872,0
6_c391e7556535bfcd,0
6_d424b0bf7e556cbb,0
6_d6876ecb1c66f291,0
6_dd4fa1681b34653a,0
6_df7c1c59842e8e68,0
6_e18c5c7eb8b811ef,0
6_e575f8449ec10e06,0
6_e6e8c67192a53350,0
6_e719f0bdca4f0610,0
6_ecbd6c539b2e33a7,0
6_f004a10f723b8f7d,0
6_f70f2deca1873a4e,0
6_fa59618743e60192,0
6_fb02169b40d60461,0
7_2188b43cb3818572,0
7_258305181793e4b8,0
7_27602c3c7474f0f4,0
7_2d279f809c9acf68,0
7_338a8693f9c709cf,0
7_3593bdf1711424ae,0
7_36384f7b1ccb6d69,0
7_3861314e34317148,0
7_4115398d4e0bc389,0
7_46a446af05e7ade3,0
7_477ac161d854a754,0
7_487256f84c493d2f,0
7_4df8855c74f4c2b6,0
7_55741070d16907ac,0
7_5a88e7a589af1b31,0
7_6bd2aba43f5584ae,0
7_6df2bf4f047c2ccc,0
7_70f69c2d22d5c2b2,0
7_7961f4ef41ee1759,0
7_7feb348283ac9f81,0
7_9e113f0426d60aaf,0
7_b2a460f32b53cd30,0
7_bf5a8bbca38d4c97,0
7_c09b5dbd4273e872,0
7_c391e7556535bfcd,0
7_c64c84173ebe9bf6,0
7_d8ad7dbbf33b18de,0
7_d8caf6e794e8314e,0
7_e18c5c7eb8b811ef,0
7_e575f8449ec10e06,0
7_f004a10f723b8f7d,0
7_fa39fd94aa9d807b,0
7_fa59618743e60192,0
8_2188b43cb3818572,0
8_258305181793e4b8,0
8_27602c3c7474f0f4,0
8_338a8693f9c709cf,0
8_3593bdf1711424ae,0
8_36384f7b1ccb6d69,0
8_477ac161d854a754,0
8_487256f84c493d2f,0
8_6bd2aba43f5584ae,0
8_70f69c2d22d5c2b2,0
8_7becac98011e195e,0
8_7feb348283ac9f81,0
8_862aae20eca6f3be,0
8_9e113f0426d60aaf,0
8_a7983501ca9127f3,0
8_b2a460f32b53cd30,0
8_bf5a8bbca38d4c97,0
8_c08f31f37a64691b,0
8_c09b5dbd4273e872,0
8_d424b0bf7e556cbb,0
8_d6876ecb1c66f291,0
8_e575f8449ec10e06,0
8_f004a10f723b8f7d,0
8_fa59618743e60192,0
9_258305181793e4b8,0
9_27602c3c7474f0f4,0
9_338a8693f9c709cf,0
9_36384f7b1ccb6d69,0
9_42d29a0569e97da4,0
9_487256f84c493d2f,0
9_70f69c2d22d5c2b2,0
9_7feb348283ac9f81,0
9_9e113f0426d60aaf,0
9_b2a460f32b53cd30,0
9_bf5a8bbca38d4c97,0
9_d6876ecb1c66f291,0
9_fa59618743e60192,0
100_f82416a7690d3925,1
101_f82416a7690d3925,1
102_f82416a7690d3925,1
103_f82416a7690d3925,1
104_f82416a7690d3925,1
105_f82416a7690d3925,1
106_f82416a7690d3925,1
107_f82416a7690d3925,1
108_f82416a7690d3925,1
109_f82416a7690d3925,1
10_1eca8923924cd689,1
10_24f0be601c5ce347,1
10_2e4c2bbeebdd3379,1
10_386ce429b126cf61,1
10_3fc9cd9eb54220a6,1
10_42d29a0569e97da4,1
10_477ac161d854a754,1
10_4a3f4936e9e233cb,1
10_4b581c074ee14f99,1
10_4ba00b9932827478,1
10_531f3c05dde112dd,1
10_5b53afb03864bf8b,1
10_5d5c557141283747,1
10_79e3e7a38ca4a32d,1
10_8693e56cd8b97ff8,1
10_8cec179024855f94,1
10_9c5a351a1190e7d4,1
10_c08f31f37a64691b,1
10_c2575883108fd661,1
10_d198cb7afca66a82,1
10_d6876ecb1c66f291,1
10_dc05dcefc570d755,1
10_dea27fa62416fbb4,1
10_ef4e0d831941541e,1
10_f6eeaf1d23c23444,1
10_f82416a7690d3925,1
110_f82416a7690d3925,1
111_f82416a7690d3925,1
112_f82416a7690d3925,1
113_f82416a7690d3925,1
114_f82416a7690d3925,1
115_f82416a7690d3925,1
116_f82416a7690d3925,1
117_f82416a7690d3925,1
118_f82416a7690d3925,1
119_f82416a7690d3925,1
11_1eca8923924cd689,1
11_4a3f4936e9e233cb,1
11_4b581c074ee14f99,1
11_4ba00b9932827478,1
11_531f3c05dde112dd,1
11_5d5c557141283747,1
11_79e3e7a38ca4a32d,1
11_c08f31f37a64691b,1
11_c2575883108fd661,1
11_d198cb7afca66a82,1
11_d6876ecb1c66f291,1
11_dc05dcefc570d755,1
11_dea27fa62416fbb4,1
11_ef4e0d831941541e,1
11_f6eeaf1d23c23444,1
11_f82416a7690d3925,1
120_f82416a7690d3925,1
121_f82416a7690d3925,1
122_f82416a7690d3925,1
123_f82416a7690d3925,1
124_f82416a7690d3925,1
125_f82416a7690d3925,1
126_f82416a7690d3925,1
127_f82416a7690d3925,1
128_f82416a7690d3925,1
129_f82416a7690d3925,1
12_1eca8923924cd689,1
12_4a3f4936e9e233cb,1
12_4b581c074ee14f99,1
12_4ba00b9932827478,1
12_531f3c05dde112dd,1
12_79e3e7a38ca4a32d,1
12_dc05dcefc570d755,1
12_dea27fa62416fbb4,1
12_f82416a7690d3925,1
13_1eca8923924cd689,1
13_4a3f4936e9e233cb,1
13_4ba00b9932827478,1
13_531f3c05dde112dd,1
13_79e3e7a38ca4a32d,1
13_dc05dcefc570d755,1
13_dea27fa62416fbb4,1
13_f82416a7690d3925,1
14_1eca8923924cd689,1
14_4a3f4936e9e233cb,1
14_4ba00b9932827478,1
14_531f3c05dde112dd,1
14_79e3e7a38ca4a32d,1
14_dc05dcefc570d755,1
14_dea27fa62416fbb4,1
14_f82416a7690d3925,1
15_4a3f4936e9e233cb,1
15_4ba00b9932827478,1
15_531f3c05dde112dd,1
15_79e3e7a38ca4a32d,1
15_dc05dcefc570d755,1
15_dea27fa62416fbb4,1
15_f82416a7690d3925,1
16_4a3f4936e9e233cb,1
16_4ba00b9932827478,1
16_531f3c05dde112dd,1
16_79e3e7a38ca4a32d,1
16_dc05dcefc570d755,1
16_dea27fa62416fbb4,1
16_f82416a7690d3925,1
17_4a3f4936e9e233cb,1
17_4ba00b9932827478,1
17_531f3c05dde112dd,1
17_79e3e7a38ca4a32d,1
17_dc05dcefc570d755,1
17_dea27fa62416fbb4,1
17_f82416a7690d3925,1
18_4a3f4936e9e233cb,1
18_4ba00b9932827478,1
18_531f3c05dde112dd,1
18_79e3e7a38ca4a32d,1
18_dc05dcefc570d755,1
18_dea27fa62416fbb4,1
18_f82416a7690d3925,1
19_4a3f4936e9e233cb,1
19_531f3c05dde112dd,1
19_79e3e7a38ca4a32d,1
19_dc05dcefc570d755,1
19_dea27fa62416fbb4,1
19_f82416a7690d3925,1
1_00695d43ffc3d286,1
1_0071a139e38fe405,1
1_015f426e437e233e,1
1_0197d332c60f6bc5,1
1_01b42b21a35921af,1
1_027b41c1f4997682,1
1_036d56ba86730db7,1
1_043420601c594528,1
1_04886a16f1606e9b,1
1_04a61c63ac72de5d,1
1_04b5c75118d24591,1
1_05ec4645030fde26,1
1_0684e74c24d3f4a1,1
1_0820aa047e51811a,1
1_0865238bae41e4a2,1
1_0894f05954f6d665,1
1_090ab26d1a5e0fee,1
1_0925982a1b4bb07f,1
1_0974b0c5d757e143,1
1_0b90554cea538080,1
1_0b932698d49fc16a,1
1_0c5799890e848d8a,1
1_0cb239ef49ed9d50,1
1_0db81d9c0b1726f8,1
1_0df047e7ab7eacd5,1
1_0ec4230559a34754,1
1_0ef9839d497081cf,1
1_0fc4c202e8cfd8a9,1
1_0ffb569501bc4302,1
1_104bbc2d843540be,1
1_106e203f01da2400,1
1_116cc3937c864b09,1
1_118c4b7a62b8bc72,1
1_1228372f0d12f270,1
1_133be730a6a7ef7c,1
1_13b446087c646d87,1
1_143d4f061d1e5add,1
1_1483c731b12909d9,1
1_14b401286b5f3a5b,1
1_1517aad4d4dcaf1d,1
1_151ac37a9e95ba89,1
1_152514699e47101d,1
1_154a385d1af3f224,1
1_15b8a800daf1d25d,1
1_15cc6b372ecee7f8,1
1_16596ef68fa37e8c,1
1_174353ee1f9d33a2,1
1_18e21b8588da29d5,1
1_1dea67284012ce7e,1
1_1edc3a15a7d4e8ab,1
1_1f2eba0a3f6dd9a6,1
1_204e9f84b3679038,1
1_2070045cc6e41311,1
1_20cfd25918ef02bd,1
1_22203f5dc17db35c,1
1_23715433ae3e2d96,1
1_250a53f1fe7c8437,1
1_251e44fbaf1c6682,1
1_254d8ef1976131fc,1
1_26c6779aae48f99e,1
1_2701a371d297316f,1
1_279c42cf17eeedce,1
1_27c9945070b0263d,1
1_28d210d29d99add0,1
1_2902043eb6135fdc,1
1_2a1ff40c0c507c84,1
1_2b49be226d0a3bc2,1
1_2b587e2f6dc2e70c,1
1_2b9b8dbd582d90ae,1
1_2e4c2bbeebdd3379,1
1_2f008b21392576e2,1
1_2f913f3724469a5e,1
1_2fdaeaf845fe4dfe,1
1_30556018ac3bde3e,1
1_309b69ac9f1455a9,1
1_318538eaddc52cd1,1
1_31fd074af7c78f2f,1
1_33a0cdc87728fe26,1
1_33ba526e834db764,1
1_3425610e789e7108,1
1_342dbf56f07ca048,1
1_346da7568ab6d933,1
1_34890db345440e09,1
1_34fafaa980bac488,1
1_35342aeeafa21a61,1
1_3593bdf1711424ae,1
1_35a5bd1b2b4d99e0,1
1_35eb62e7bf0408c8,1
1_36454c65e35c415c,1
1_36e6d132430802ee,1
1_37b076a267bc98c8,1
1_386ce429b126cf61,1
1_3a30a49063628b8c,1
1_3afaecea3e6e815e,1
1_3d4632b0a37da088,1
1_3d6fe4734097e0fd,1
1_3dc1bb367b873cd1,1
1_3e4cfeec22108ef8,1
1_3ed0c4cde7cad1e1,1
1_3f48243eeedc2566,1
1_3f714da2e302d588,1
1_3fc9cd9eb54220a6,1
1_4115398d4e0bc389,1
1_41eae28b938e83f5,1
1_42c069d558a8a4ed,1
1_42d29a0569e97da4,1
1_430eec889dc36661,1
1_43caf3f0e52bd1cb,1
1_45064ee129a58e8d,1
1_4534c132dc5db9de,1
1_453a2c4c2c77b025,1
1_45715471af8070b1,1
1_46a55952c0befd83,1
1_46ad21de65a05cdb,1
1_4702dfe15e2bc1c9,1
1_477ac161d854a754,1
1_4791665f7a241300,1
1_47a2349b39ae073b,1
1_4a3f4936e9e233cb,1
1_4b581c074ee14f99,1
1_4b81e48b777dc327,1
1_4bc0fabadba5a6ec,1
1_4c0c2babab98a3a8,1
1_4c2f29e119df8b1b,1
1_4c5190d428aa65ab,1
1_4cf3378ca9e6152b,1
1_4cff82ee82b7c4c7,1
1_4df8855c74f4c2b6,1
1_4e39b162704e3806,1
1_4e92f027d54438f4,1
1_4ea7ad217988faee,1
1_4ed16088f75101d2,1
1_4ee9bd704af9983f,1
1_4f3d7f6ba1cd6fe6,1
1_50445917d2778d55,1
1_50a9cbe160d31ff4,1
1_50e8a26240a98f3c,1
1_516bc20c269478ac,1
1_51f1b1df222f6903,1
1_531f3c05dde112dd,1
1_531facb15c4f136e,1
1_534017023ec1cd27,1
1_542fe653c49176a5,1
1_55741070d16907ac,1
1_558250ccdb85f070,1
1_55b6b571b8a333fe,1
1_56726a2bc5958a8f,1
1_56bb5aede6a8128d,1
1_5740b614ecc0f9d8,1
1_574de4d65d34c8f1,1
1_5750a1ee1c64d191,1
1_576a743f9efbcea4,1
1_59b4e96e5277a2a2,1
1_59c511df61de6bce,1
1_5a1bee84c1924dad,1
1_5a42c810aa7cd2d6,1
1_5a88e7a589af1b31,1
1_5aa45583363306fc,1
1_5abbb2fc75efa64e,1
1_5abdaf46d0f031c5,1
1_5b53afb03864bf8b,1
1_5d5c557141283747,1
1_5ddb2b5f7ec29f3d,1
1_5e5c9810fcb26f6f,1
1_5fd4040dfe8cb5ee,1
1_5ffa6e5dbf0f9b31,1
1_5ffc950a6e1ed522,1
1_61bf2205e2632b0c,1
1_621662b9ce9c40b5,1
1_635957e4eacf1003,1
1_639e922489c0d902,1
1_64d15c0e5714cea7,1
1_654f02f50c86dc6f,1
1_65b16d2bdee6d8c9,1
1_660b9463fb6598fb,1
1_66e753ad419e775d,1
1_67edada6e768b3c1,1
1_684473f798768fbc,1
1_6850632caf65cf4f,1
1_68b389b185232ad8,1
1_691fcd06eca7f464,1
1_6a2ffc2376bd2d2b,1
1_6bd2aba43f5584ae,1
1_6c9370b1ce4eefcc,1
1_6d31a9a532c47b6b,1
1_6d8619b943c92d4f,1
1_6da99422cd374fb2,1
1_6de5fc72b45e09f1,1
1_6e5ec2f6e6b7174a,1
1_6e70d3bc8c5d8cb0,1
1_6e9b94d13783a3e8,1
1_6eb74b1b3d9c97b5,1
1_6edbc27d061650b8,1
1_6f58a2c82030f254,1
1_6fbb5bb674b32adf,1
1_700b89c5cc0c00f1,1
1_714088a321922bdb,1
1_718449378f127106,1
1_7210013193ea6fe8,1
1_72102bf832e38d3d,1
1_724b6e22dc918877,1
1_7380968c36a0725b,1
1_73998966f44fb0ce,1
1_73daaf8b14306a78,1
1_7475190aa4ec009f,1
1_7497812045c1278d,1
1_74e104c3811a6a92,1
1_751781a5adf84429,1
1_755981da30a6e95f,1
1_7599c846c87ba358,1
1_7601d333ccbd0bbd,1
1_767f16c6a72274b5,1
1_76b841b78f665139,1
1_77b9b1d4ab41a3a2,1
1_77f8fd8a4f1fa522,1
1_782ab5cf983385b7,1
1_784c0eff875158cc,1
1_7961f4ef41ee1759,1
1_79e3e7a38ca4a32d,1
1_7a1728cab8ccac5f,1
1_7a859411d467c415,1
1_7aa7dcf5a0c748ab,1
1_7abdee014103bccd,1
1_7b116aeeecee1345,1
1_7b5f748955f7cf02,1
1_7becac98011e195e,1
1_7c2c175b322d28de,1
1_7ca8c545eebc3e3e,1
1_7ce5dc80c0b5400f,1
1_7d5f84898aa41dd3,1
1_7de345c70f337006,1
1_7ebfac8aa0231e89,1
1_7faecf8c274dc3d0,1
1_7fe826ad3bc60d4d,1
1_8080b1dc267c1279,1
1_80f9987cfeaca1a0,1
1_81446848b0f39bf2,1
1_822b9e090ef88adc,1
1_826809879ba31a2e,1
1_8432b6811400c48d,1
1_8480c4f158da4842,1
1_861f1603360d443d,1
1_8688748b7adcf0e8,1
1_8834be5497e6ffe4,1
1_88df1ad4b7dbb619,1
1_8911dba0a9663bcb,1
1_8943ac6c22bf723f,1
1_899de7fa4215c165,1
1_8a4b0c9e0d5c2edc,1
1_8a784f3d20b8dbdd,1
1_8a9851170b36f6c0,1
1_8bf6781349724268,1
1_8c033e18b7ee01b6,1
1_8cec179024855f94,1
1_8d201f7e310af500,1
1_8d277843d17c060a,1
1_8d4c40794abc3ab1,1
1_8da645bf9699f984,1
1_8e58506018b45c26,1
1_8f57a7447444b4d1,1
1_8f68832c698c782e,1
1_8ffc24186be7f843,1
1_901795f8562787ac,1
1_901e909c150cbc10,1
1_904476ad68eef415(Y),1
1_91b2ca5e94392efb,1
1_91b7b4bfded8efd3,1
1_938e1312c4b136dd,1
1_9474085c14a07f79,1
1_94b96ce173b86cd6,1
1_950a5fa80ac24910,1
1_950d7f371d043243,1
1_95b2a88073af5801,1
1_95cd1d657b4e4204,1
1_96a3a3d3e92988a6,1
1_97f24865ecaedd4a,1
1_986820357d3267da,1
1_9885ce80d681eacb,1
1_9944db54d8e32840,1
1_99a6ea6c8e37b714,1
1_99dff5f1f7ddbcce,1
1_9a8d0f3689c97ea5,1
1_9abb90fd0b22c3ac,1
1_9b4944c7d724cf67,1
1_9b7ea68d67fd75b6,1
1_9d4404e0e2be6cf2,1
1_9de2c551ead4c54d,1
1_9e1bcaf429a66ded,1
1_9e1d55ea8b6a2323,1
1_9e7827247ae4e667,1
1_9f835a62f68f38ec,1
1_a0750ef82b8147da,1
1_a0808ee9f203760a,1
1_a1dd30586181c7c7,1
1_a22d2ad8349cd41d,1
1_a3e897e3779815f0,1
1_a42d3bda8502ae88,1
1_a5f52142a8f03b7b,1
1_a6353edd0a2449b2,1
1_a6795621fd8846b4,1
1_a7138e02454f327f,1
1_a7495b3b77db3d91,1
1_a7983501ca9127f3,1
1_a7a4f3cf31d12ca2,1
1_a7c2cd27c78c21ff,1
1_a7ef3b9e7c86a95f,1
1_a88c5ff52fad1855,1
1_a8e412ca8bc9745f,1
1_a989b6e8694c66a7,1
1_a9e29a05240d5f1b,1
1_aa6d71397bb0a43a,1
1_aa993d86ef7f3b6f,1
1_ab1393ea63cfac0a,1
1_ab54369391d53a09,1
1_acf02d56fc29c720,1
1_ada7dd3959a83a9f,1
1_ae4546eacbbc4c63,1
1_ae4e3f9dc5c35847,1
1_af1f313c28f9da3d,1
1_af23a843f9f511d4,1
1_af6a72e2341fc588,1
1_af8867721f6c08a3,1
1_afe3a69c68533d55,1
1_b05547c840d21484,1
1_b0c8bc4462adf3c2,1
1_b201cc8c456b35a3,1
1_b2587531acad5dea,1
1_b2d84891e874f6fc,1
1_b3ab8dbed43f4b34,1
1_b3b87d9d59cce05b,1
1_b3ce2d7d57de928d,1
1_b42122cf7bdac8df,1
1_b5331859aeb05abd,1
1_b5d6d660f7505e85,1
1_b5e11b0783fdb630,1
1_b5eeba32c99df270,1
1_b6295bdf85645b72,1
1_b69e018cc124a22b,1
1_b6ea843c4925203c,1
1_b7649e19f17220bd,1
1_b76b1596939244cf,1
1_b7b12c5b4dc6fd0c,1
1_b7f02e0dcd061a74,1
1_b966eb94ea9d6ed3,1
1_b9fd1720f0a92310,1
1_ba0061a4359458fc,1
1_ba42df1f5dd54fb6,1
1_ba5279d2fe85933b,1
1_ba8388acd69f7543,1
1_bb1f9f55653b75ad,1
1_bc4d6df509458407,1
1_bcc5082e88e022ae,1
1_bd0c8b33abfd34a2,1
1_bd316c6ec9735557,1
1_bd667155fc7a755d,1
1_bd76aa0f023d26fe,1
1_bdb80fc2b99933de,1
1_bebf326804b02656,1
1_bf498be03dfae931,1
1_bf97554de54d89fa,1
1_c084c48c03e6b6ff,1
1_c08f31f37a64691b,1
1_c09b5dbd4273e872,1
1_c0f03b785e7317c5,1
1_c1b879d5908e5e41,1
1_c1befc90f067d14a,1
1_c2575883108fd661,1
1_c2a13eb51933fdd4,1
1_c2f2466ee036aa6c,1
1_c391e7556535bfcd,1
1_c3f3b073b0827a38,1
1_c45dddc69e9f7b61,1
1_c497b121033bafaa,1
1_c4c4deaad57cf656,1
1_c56cbc0ed5e89c07,1
1_c5a66cb9a138494d,1
1_c60e1c93eef58d8b,1
1_c64c84173ebe9bf6,1
1_c74377f5a641e319,1
1_c7c27df20055e6c6,1
1_c853a292cd1aefca,1
1_c8f0948d3a9de9d6,1
1_c9ca93bb09e19207,1
1_ca7ca1c20d405ebd,1
1_cb05bda52735c2a1,1
1_cb2c61d66b719567,1
1_cb571f7333ac1f84,1
1_cd7ba39b2f043136,1
1_ce8fb36513dc3db7,1
1_cf6e7f97e985ee66,1
1_cfb983fa2aad20a4,1
1_cfe2703b7367fa69,1
1_d00fde6bb0acad55,1
1_d068acec955971c9,1
1_d1326f7d9637e40f,1
1_d198cb7afca66a82,1
1_d1ecdab98248ce33,1
1_d2c051d674dd5def,1
1_d35f7d588d847bb5,1
1_d424b0bf7e556cbb,1
1_d5541954be5a4899,1
1_d55c299550011aa7,1
1_d5b3a8ce18ec2268,1
1_d5cbdb12a97916fd,1
1_d60818deee6555e6,1
1_d629f09b44778c36,1
1_d63c67c4b78c16e2,1
1_d6876ecb1c66f291,1
1_d6f4ea261f546399,1
1_d7171a0d62a08a37,1
1_d75e01e7e3549940,1
1_d7de4d0dd259a257,1
1_d7f6e2c369b768be,1
1_d8633252a36277a4,1
1_d8ad7dbbf33b18de,1
1_d8caf6e794e8314e,1
1_dc05dcefc570d755,1
1_dcc31bf759a8ccb4,1
1_dd3e3434a9b7d294,1
1_dd4fa1681b34653a,1
1_de2964eedc57770e,1
1_de7145e24d3f54a8,1
1_dea27fa62416fbb4,1
1_dec1480d2a4c9285,1
1_df5c08303fec5d64,1
1_df7c1c59842e8e68,1
1_e18c5c7eb8b811ef,1
1_e2498c34b0d585dd,1
1_e2df620e15d193b0,1
1_e312b2846ab1973c,1
1_e39f530b0cbe0535,1
1_e3b862eaf3c83a5e,1
1_e3e1009f8bf5f243,1
1_e46914053eb1d122,1
1_e56a78f391e17d2c,1
1_e5c63a90885f6658,1
1_e5c9ecce43425ac6,1
1_e6e8c67192a53350,1
1_e719f0bdca4f0610,1
1_e7697796ca4cc005,1
1_e781d3f044b08888,1
1_e80f827d5bc68096,1
1_e9986017a8bab775(g),1
1_ea6c98418b2be9fd,1
1_eaad0bf32bac47a1,1
1_eafadb5462d4db25,1
1_ec1feff15d42465b,1
1_ec38ec5fc5a025e0,1
1_ecbd6c539b2e33a7,1
1_ed9fd1a1711167b8,1
1_ee0f26b47bbb1f5b,1
1_ee74b23bc7f78e5f,1
1_ee93f143ce58fd0a,1
1_ef21197b1be27a9f,1
1_ef4e0d831941541e,1
1_f004a10f723b8f7d,1
1_f2a8953ba92c1733,1
1_f3eb7b0d79f4603d,1
1_f495456aaa31990a,1
1_f54e55a2f35e1918,1
1_f553ff4630faea9a,1
1_f681a004323dc057,1
1_f6de02e5d3a311ca,1
1_f6eeaf1d23c23444,1
1_f70f2deca1873a4e,1
1_f7c0c8a19f2b7699,1
1_f82416a7690d3925,1
1_f872b9f1196b3ed3,1
1_f8ef74cbaf181a55,1
1_f9494320077532c2,1
1_f96657a0372f2256,1
1_f9b3aa8fa7d3c7f7,1
1_f9c2b67a62785a55,1
1_f9cce12700e4dcb8,1
1_fa39fd94aa9d807b,1
1_fa59618743e60192,1
1_faf0199c1be362ba,1
1_fb02169b40d60461,1
1_fbb005b716c6b268,1
1_fc41bbc95bc8de5f,1
1_fc60c431e545bc20,1
1_fcef9ab7ec1e5e83,1
1_fe57d87065db8941,1
1_fe6c2aea9e8daae3,1
1_fe92310c207a7aa3,1
20_4a3f4936e9e233cb,1
20_531f3c05dde112dd,1
20_79e3e7a38ca4a32d,1
20_dc05dcefc570d755,1
20_dea27fa62416fbb4,1
20_f82416a7690d3925,1
21_4a3f4936e9e233cb,1
21_531f3c05dde112dd,1
21_79e3e7a38ca4a32d,1
21_dc05dcefc570d755,1
21_dea27fa62416fbb4,1
21_f82416a7690d3925,1
22_4a3f4936e9e233cb,1
22_531f3c05dde112dd,1
22_79e3e7a38ca4a32d,1
22_dc05dcefc570d755,1
22_dea27fa62416fbb4,1
22_f82416a7690d3925,1
23_4a3f4936e9e233cb,1
23_531f3c05dde112dd,1
23_79e3e7a38ca4a32d,1
23_dea27fa62416fbb4,1
23_f82416a7690d3925,1
24_4a3f4936e9e233cb,1
24_531f3c05dde112dd,1
24_f82416a7690d3925,1
25_4a3f4936e9e233cb,1
25_531f3c05dde112dd,1
25_f82416a7690d3925,1
26_4a3f4936e9e233cb,1
26_531f3c05dde112dd,1
26_f82416a7690d3925,1
27_4a3f4936e9e233cb,1
27_531f3c05dde112dd,1
27_f82416a7690d3925,1
28_4a3f4936e9e233cb,1
28_531f3c05dde112dd,1
28_f82416a7690d3925,1
29_4a3f4936e9e233cb,1
29_531f3c05dde112dd,1
29_f82416a7690d3925,1
2_0071a139e38fe405,1
2_00867630c33e0500,1
2_015f426e437e233e,1
2_0197d332c60f6bc5,1
2_01b42b21a35921af,1
2_027b41c1f4997682,1
2_036d56ba86730db7,1
2_043420601c594528,1
2_04886a16f1606e9b,1
2_04a61c63ac72de5d,1
2_05ec4645030fde26,1
2_0684e74c24d3f4a1,1
2_0820aa047e51811a,1
2_0865238bae41e4a2,1
2_0894f05954f6d665,1
2_090ab26d1a5e0fee,1
2_0925982a1b4bb07f,1
2_0974b0c5d757e143,1
2_0b90554cea538080,1
2_0b932698d49fc16a,1
2_0bd3f72ead896ea1,1
2_0cb239ef49ed9d50,1
2_0db81d9c0b1726f8,1
2_0df047e7ab7eacd5,1
2_0ead749a1a025b02,1
2_0ec4230559a34754,1
2_0ef9839d497081cf,1
2_0f7f7e195d0caf75,1
2_0ffb569501bc4302,1
2_104bbc2d843540be,1
2_118c4b7a62b8bc72,1
2_1228372f0d12f270,1
2_133be730a6a7ef7c,1
2_13b446087c646d87,1
2_143d4f061d1e5add,1
2_14b401286b5f3a5b,1
2_1517aad4d4dcaf1d,1
2_151ac37a9e95ba89,1
2_152514699e47101d,1
2_15cc6b372ecee7f8,1
2_16596ef68fa37e8c,1
2_18e21b8588da29d5,1
2_1db3658f151852ca,1
2_1df8ca4bc5c5247a,1
2_1edc3a15a7d4e8ab,1
2_1f2eba0a3f6dd9a6,1
2_1f986908a3b3668b,1
2_204e9f84b3679038,1
2_20cfd25918ef02bd,1
2_22203f5dc17db35c,1
2_250a53f1fe7c8437,1
2_251e44fbaf1c6682,1
2_254d8ef1976131fc,1
2_2701a371d297316f,1
2_279c42cf17eeedce,1
2_27c9945070b0263d,1
2_28c2327c1045d0e9,1
2_28d210d29d99add0,1
2_2902043eb6135fdc,1
2_2a1ff40c0c507c84,1
2_2b49be226d0a3bc2,1
2_2b587e2f6dc2e70c,1
2_2b9b8dbd582d90ae,1
2_2e4c2bbeebdd3379,1
2_2ecc326f7a9f6431,1
2_2f008b21392576e2,1
2_2f913f3724469a5e,1
2_2fdaeaf845fe4dfe,1
2_309b69ac9f1455a9,1
2_31fd074af7c78f2f,1
2_329c990d31b0c903,1
2_33a0cdc87728fe26,1
2_3425610e789e7108,1
2_346da7568ab6d933,1
2_34fafaa980bac488,1
2_3593bdf1711424ae,1
2_35a5bd1b2b4d99e0,1
2_35eb62e7bf0408c8,1
2_36454c65e35c415c,1
2_36721b6448276646,1
2_36e6d132430802ee,1
2_37b076a267bc98c8,1
2_3816040fa1b28b0d,1
2_384880f5c0ea3eee,1
2_386ce429b126cf61,1
2_3a0add8d7b586daa,1
2_3a14e89b999c4af2,1
2_3a30a49063628b8c,1
2_3a6b3787caa5529f,1
2_3afaecea3e6e815e,1
2_3d6fe4734097e0fd,1
2_3dc1bb367b873cd1,1
2_3f48243eeedc2566,1
2_3f714da2e302d588,1
2_41eae28b938e83f5,1
2_42c069d558a8a4ed,1
2_42d29a0569e97da4,1
2_430eec889dc36661,1
2_43caf3f0e52bd1cb,1
2_45064ee129a58e8d,1
2_4534c132dc5db9de,1
2_453a2c4c2c77b025,1
2_45715471af8070b1,1
2_46a55952c0befd83,1
2_46ad21de65a05cdb,1
2_4702dfe15e2bc1c9,1
2_477ac161d854a754,1
2_4791665f7a241300,1
2_47a2349b39ae073b,1
2_4880f07142ce1e49,1
2_48e6f2b2cb8477d7,1
2_4a3f4936e9e233cb,1
2_4a792afbb93aed96,1
2_4b581c074ee14f99,1
2_4b81e48b777dc327,1
2_4bc0fabadba5a6ec,1
2_4bd270ee67100cf3,1
2_4c2f29e119df8b1b,1
2_4c5190d428aa65ab,1
2_4cff82ee82b7c4c7,1
2_4df8855c74f4c2b6,1
2_4e39b162704e3806,1
2_4e92f027d54438f4,1
2_4ea7ad217988faee,1
2_4ee9bd704af9983f,1
2_50445917d2778d55,1
2_50a9cbe160d31ff4,1
2_5120736521ee20e6,1
2_516bc20c269478ac,1
2_51f1b1df222f6903,1
2_531f3c05dde112dd,1
2_534017023ec1cd27,1
2_547d718619fe1f39,1
2_55741070d16907ac,1
2_55b6b571b8a333fe,1
2_56726a2bc5958a8f,1
2_5740b614ecc0f9d8,1
2_5750a1ee1c64d191,1
2_588b5fcac30f16fb,1
2_59b4e96e5277a2a2,1
2_59c511df61de6bce,1
2_5a1bee84c1924dad,1
2_5abbb2fc75efa64e,1
2_5b53afb03864bf8b,1
2_5d5c557141283747,1
2_5ddb2b5f7ec29f3d,1
2_5e5c9810fcb26f6f,1
2_5e884936fd30f554,1
2_5fd4040dfe8cb5ee,1
2_5ffa6e5dbf0f9b31,1
2_61bf2205e2632b0c,1
2_621662b9ce9c40b5,1
2_635957e4eacf1003,1
2_639e922489c0d902,1
2_64d15c0e5714cea7,1
2_654f02f50c86dc6f,1
2_65b16d2bdee6d8c9,1
2_660b9463fb6598fb,1
2_66ba22e56e4f401d,1
2_66e753ad419e775d,1
2_684473f798768fbc,1
2_68b389b185232ad8,1
2_691fcd06eca7f464,1
2_6a2ffc2376bd2d2b,1
2_6d31a9a532c47b6b,1
2_6d56dcee489b72ff,1
2_6da99422cd374fb2,1
2_6de5fc72b45e09f1,1
2_6e5ec2f6e6b7174a,1
2_6e70d3bc8c5d8cb0,1
2_6e9b94d13783a3e8,1
2_6eb74b1b3d9c97b5,1
2_6edbc27d061650b8,1
2_6fbb5bb674b32adf,1
2_7210013193ea6fe8,1
2_72102bf832e38d3d,1
2_724b6e22dc918877,1
2_73daaf8b14306a78,1
2_7475190aa4ec009f,1
2_7497812045c1278d,1
2_74e104c3811a6a92,1
2_751781a5adf84429,1
2_755981da30a6e95f,1
2_7599c846c87ba358,1
2_75bbd240d97210d4,1
2_75cd916caaf837e1,1
2_7601d333ccbd0bbd,1
2_767f16c6a72274b5,1
2_76b841b78f665139,1
2_77b9b1d4ab41a3a2,1
2_7821ddce17210d12,1
2_784c0eff875158cc,1
2_7961f4ef41ee1759,1
2_79e3e7a38ca4a32d,1
2_7a1728cab8ccac5f,1
2_7a859411d467c415,1
2_7abdee014103bccd,1
2_7b116aeeecee1345,1
2_7b5f748955f7cf02,1
2_7c2c175b322d28de,1
2_7ce5dc80c0b5400f,1
2_7d5f84898aa41dd3,1
2_7de345c70f337006,1
2_7faecf8c274dc3d0,1
2_7fe826ad3bc60d4d,1
2_7feb348283ac9f81,1
2_8080b1dc267c1279,1
2_80f9987cfeaca1a0,1
2_81446848b0f39bf2,1
2_822b9e090ef88adc,1
2_826809879ba31a2e,1
2_8432b6811400c48d,1
2_8480c4f158da4842,1
2_8688748b7adcf0e8,1
2_8834be5497e6ffe4,1
2_88ed83257c98ffab,1
2_8911dba0a9663bcb,1
2_8943ac6c22bf723f,1
2_899de7fa4215c165,1
2_8a784f3d20b8dbdd,1
2_8bf6781349724268,1
2_8c033e18b7ee01b6,1
2_8cec179024855f94,1
2_8d201f7e310af500,1
2_8f57a7447444b4d1,1
2_8ffc24186be7f843,1
2_901795f8562787ac,1
2_904476ad68eef415,1
2_91b2ca5e94392efb,1
2_91b7b4bfded8efd3,1
2_92e1bcd94129c620,1
2_9474085c14a07f79,1
2_94b96ce173b86cd6,1
2_950a5fa80ac24910,1
2_950d7f371d043243,1
2_95b2a88073af5801,1
2_96a3a3d3e92988a6,1
2_97f24865ecaedd4a,1
2_986820357d3267da,1
2_9885ce80d681eacb,1
2_99624131d7a10628,1
2_99dff5f1f7ddbcce,1
2_9a8d0f3689c97ea5,1
2_9abb90fd0b22c3ac,1
2_9c5a351a1190e7d4,1
2_9d4404e0e2be6cf2,1
2_9dbed97635dc7a13,1
2_9de2c551ead4c54d,1
2_9e1bcaf429a66ded,1
2_9e1d55ea8b6a2323,1
2_9e6f7042ed50d988,1
2_9e7827247ae4e667,1
2_9f835a62f68f38ec,1
2_a0750ef82b8147da,1
2_a0808ee9f203760a,1
2_a130b09a01183cda,1
2_a1dd30586181c7c7,1
2_a3e897e3779815f0,1
2_a5f52142a8f03b7b,1
2_a6353edd0a2449b2,1
2_a6795621fd8846b4,1
2_a7495b3b77db3d91,1
2_a7983501ca9127f3,1
2_a7c2cd27c78c21ff,1
2_a7ef3b9e7c86a95f,1
2_a8e412ca8bc9745f,1
2_a989b6e8694c66a7,1
2_a9e29a05240d5f1b,1
2_aa6d71397bb0a43a,1
2_aa993d86ef7f3b6f,1
2_ab1393ea63cfac0a,1
2_ab3f44507123d283,1
2_ab54369391d53a09,1
2_acf02d56fc29c720,1
2_ada7dd3959a83a9f,1
2_ae4546eacbbc4c63,1
2_ae4e3f9dc5c35847,1
2_af1f313c28f9da3d,1
2_af23a843f9f511d4,1
2_af8867721f6c08a3,1
2_b201cc8c456b35a3,1
2_b20ac89cfc2e5e9d,1
2_b2587531acad5dea,1
2_b2d84891e874f6fc,1
2_b3ab8dbed43f4b34,1
2_b3b87d9d59cce05b,1
2_b42122cf7bdac8df,1
2_b5d6d660f7505e85,1
2_b6295bdf85645b72,1
2_b6ea843c4925203c,1
2_b70fd78ab4bb9447,1
2_b76b1596939244cf,1
2_b7f02e0dcd061a74,1
2_b966eb94ea9d6ed3,1
2_b9fd1720f0a92310,1
2_ba0061a4359458fc,1
2_ba42df1f5dd54fb6,1
2_ba8388acd69f7543,1
2_bb1f9f55653b75ad,1
2_bc4d6df509458407,1
2_bcc5082e88e022ae,1
2_bd0c8b33abfd34a2,1
2_bd316c6ec9735557,1
2_bd667155fc7a755d,1
2_bd76aa0f023d26fe,1
2_bdb80fc2b99933de,1
2_bebf326804b02656,1
2_bf498be03dfae931,1
2_c084c48c03e6b6ff,1
2_c08f31f37a64691b,1
2_c0f03b785e7317c5,1
2_c154313c9d7db07c,1
2_c1b879d5908e5e41,1
2_c2575883108fd661,1
2_c2bc0c3329608080,1
2_c2f2466ee036aa6c,1
2_c391e7556535bfcd,1
2_c3f3b073b0827a38,1
2_c45dddc69e9f7b61,1
2_c497b121033bafaa,1
2_c4c4deaad57cf656,1
2_c56cbc0ed5e89c07,1
2_c60e1c93eef58d8b,1
2_c74377f5a641e319,1
2_c7c27df20055e6c6,1
2_c853a292cd1aefca,1
2_c8f0948d3a9de9d6,1
2_c9ca93bb09e19207,1
2_ca7ca1c20d405ebd,1
2_cb2c61d66b719567,1
2_cb571f7333ac1f84,1
2_ce8fb36513dc3db7,1
2_cf6e7f97e985ee66,1
2_cfa8e1d3b48230b7,1
2_cfb983fa2aad20a4,1
2_cfe2703b7367fa69,1
2_d00fde6bb0acad55,1
2_d068acec955971c9,1
2_d1326f7d9637e40f,1
2_d198cb7afca66a82,1
2_d1ecdab98248ce33,1
2_d2c051d674dd5def,1
2_d424b0bf7e556cbb,1
2_d55c299550011aa7,1
2_d5b3a8ce18ec2268,1
2_d5cbdb12a97916fd,1
2_d60818deee6555e6,1
2_d629f09b44778c36,1
2_d6876ecb1c66f291,1
2_d6f4ea261f546399,1
2_d712a9a6aad1f53a,1
2_d7171a0d62a08a37,1
2_d75e01e7e3549940,1
2_d7de4d0dd259a257,1
2_d8633252a36277a4,1
2_d90fd3c3ff7981ba,1
2_da65770ecae34916,1
2_dc05dcefc570d755,1
2_dcc31bf759a8ccb4,1
2_de2964eedc57770e,1
2_de7145e24d3f54a8,1
2_dea27fa62416fbb4,1
2_dec1480d2a4c9285,1
2_df7c1c59842e8e68,1
2_e18c5c7eb8b811ef,1
2_e2498c34b0d585dd,1
2_e2df620e15d193b0,1
2_e312b2846ab1973c,1
2_e39f530b0cbe0535,1
2_e3b862eaf3c83a5e,1
2_e46914053eb1d122,1
2_e5c63a90885f6658,1
2_e5c9ecce43425ac6,1
2_e6e8c67192a53350,1
2_e7697796ca4cc005,1
2_e781d3f044b08888,1
2_e7e3709bf56af370,1
2_e80f827d5bc68096,1
2_e9214351d1461bd7,1
2_e9986017a8bab775,1
2_ea6c98418b2be9fd,1
2_eafadb5462d4db25,1
2_ec1feff15d42465b,1
2_ecbd6c539b2e33a7,1
2_ed9fd1a1711167b8,1
2_ee0f26b47bbb1f5b,1
2_ee74b23bc7f78e5f,1
2_ee93f143ce58fd0a,1
2_ef014bd4ef84bd28,1
2_ef21197b1be27a9f,1
2_ef4e0d831941541e,1
2_f0c3cc548c31c175,1
2_f3eb7b0d79f4603d,1
2_f444cfd9c8c9bde5,1
2_f495456aaa31990a,1
2_f54e55a2f35e1918,1
2_f553ff4630faea9a,1
2_f681a004323dc057,1
2_f6de02e5d3a311ca,1
2_f6eeaf1d23c23444,1
2_f70f2deca1873a4e,1
2_f7c0c8a19f2b7699,1
2_f82416a7690d3925,1
2_f872b9f1196b3ed3,1
2_f8dae9bc17e3e5be,1
2_f9494320077532c2,1
2_f96657a0372f2256,1
2_f9b3aa8fa7d3c7f7,1
2_f9c2b67a62785a55,1
2_fa59618743e60192,1
2_faf0199c1be362ba,1
2_fb7896f038de5983(Y),1
2_fbb005b716c6b268,1
2_fbca5f347c552093,1
2_fc41bbc95bc8de5f,1
2_fc60c431e545bc20,1
2_fe57d87065db8941,1
2_fe6c2aea9e8daae3,1
2_fe92310c207a7aa3,1
30_4a3f4936e9e233cb,1
30_531f3c05dde112dd,1
30_f82416a7690d3925,1
31_4a3f4936e9e233cb,1
31_531f3c05dde112dd,1
31_f82416a7690d3925,1
32_4a3f4936e9e233cb,1
32_531f3c05dde112dd,1
32_f82416a7690d3925,1
33_4a3f4936e9e233cb,1
33_531f3c05dde112dd,1
33_f82416a7690d3925,1
34_4a3f4936e9e233cb,1
34_531f3c05dde112dd,1
34_f82416a7690d3925,1
35_4a3f4936e9e233cb,1
35_531f3c05dde112dd,1
35_f82416a7690d3925,1
36_531f3c05dde112dd,1
36_f82416a7690d3925,1
37_531f3c05dde112dd,1
37_f82416a7690d3925,1
38_531f3c05dde112dd,1
38_f82416a7690d3925,1
39_531f3c05dde112dd,1
39_f82416a7690d3925,1
3_00867630c33e0500,1
3_015f426e437e233e,1
3_0197d332c60f6bc5,1
3_01b42b21a35921af,1
3_036d56ba86730db7,1
3_043420601c594528,1
3_04886a16f1606e9b,1
3_04a61c63ac72de5d,1
3_04b5c75118d24591,1
3_0684e74c24d3f4a1,1
3_0820aa047e51811a,1
3_08438c38f7c796c5,1
3_0865238bae41e4a2,1
3_0894f05954f6d665,1
3_090ab26d1a5e0fee,1
3_0974b0c5d757e143,1
3_0b932698d49fc16a,1
3_0db81d9c0b1726f8,1
3_0df047e7ab7eacd5,1
3_0ef9839d497081cf,1
3_0f7f7e195d0caf75,1
3_0fc4c202e8cfd8a9,1
3_0ffb569501bc4302,1
3_104bbc2d843540be,1
3_106e203f01da2400,1
3_1228372f0d12f270,1
3_133be730a6a7ef7c,1
3_13b446087c646d87,1
3_143d4f061d1e5add,1
3_14b401286b5f3a5b,1
3_1517aad4d4dcaf1d,1
3_151ac37a9e95ba89,1
3_15b8a800daf1d25d,1
3_15cc6b372ecee7f8,1
3_16596ef68fa37e8c,1
3_1dea67284012ce7e,1
3_1df8ca4bc5c5247a,1
3_1f2eba0a3f6dd9a6,1
3_1f986908a3b3668b,1
3_204e9f84b3679038,1
3_20cfd25918ef02bd,1
3_251e44fbaf1c6682,1
3_2701a371d297316f,1
3_279c42cf17eeedce,1
3_27c9945070b0263d,1
3_28d210d29d99add0,1
3_2902043eb6135fdc,1
3_2a1ff40c0c507c84,1
3_2b49be226d0a3bc2,1
3_2b587e2f6dc2e70c,1
3_2b9b8dbd582d90ae,1
3_2c7cf4b6aebf76d5,1
3_2d0e933a4750afce,1
3_2e4c2bbeebdd3379,1
3_2ecc326f7a9f6431,1
3_2f913f3724469a5e,1
3_2fdaeaf845fe4dfe,1
3_31fd074af7c78f2f,1
3_33a0cdc87728fe26,1
3_3425610e789e7108,1
3_342dbf56f07ca048,1
3_346da7568ab6d933,1
3_34fafaa980bac488,1
3_3593bdf1711424ae,1
3_35a5bd1b2b4d99e0,1
3_35eb62e7bf0408c8,1
3_36343b839ad80ce4,1
3_36454c65e35c415c,1
3_36721b6448276646,1
3_36e6d132430802ee,1
3_37b076a267bc98c8,1
3_3816040fa1b28b0d,1
3_384880f5c0ea3eee,1
3_386ce429b126cf61,1
3_3a0add8d7b586daa,1
3_3a14e89b999c4af2,1
3_3a30a49063628b8c,1
3_3afaecea3e6e815e,1
3_3d4632b0a37da088,1
3_3d6fe4734097e0fd,1
3_3dc1bb367b873cd1,1
3_3e4cfeec22108ef8,1
3_3f48243eeedc2566,1
3_3f714da2e302d588,1
3_42d29a0569e97da4,1
3_430eec889dc36661,1
3_43caf3f0e52bd1cb,1
3_45064ee129a58e8d,1
3_453a2c4c2c77b025,1
3_45715471af8070b1,1
3_46a55952c0befd83,1
3_46ad21de65a05cdb,1
3_4702dfe15e2bc1c9,1
3_477ac161d854a754,1
3_4791665f7a241300,1
3_47a2349b39ae073b,1
3_48e6f2b2cb8477d7,1
3_49777d88f3e63139,1
3_4a3f4936e9e233cb,1
3_4b581c074ee14f99,1
3_4b81e48b777dc327,1
3_4ba00b9932827478,1
3_4bd270ee67100cf3,1
3_4c0c2babab98a3a8,1
3_4c2f29e119df8b1b,1
3_4c5190d428aa65ab,1
3_4cff82ee82b7c4c7,1
3_4df8855c74f4c2b6,1
3_4e39b162704e3806,1
3_4e92f027d54438f4,1
3_4ea7ad217988faee,1
3_50445917d2778d55,1
3_50a9cbe160d31ff4,1
3_516bc20c269478ac,1
3_51f1b1df222f6903,1
3_531f3c05dde112dd,1
3_534017023ec1cd27,1
3_542fe653c49176a5,1
3_547d718619fe1f39,1
3_55741070d16907ac,1
3_56726a2bc5958a8f,1
3_5740b614ecc0f9d8,1
3_5750a1ee1c64d191,1
3_576a743f9efbcea4,1
3_588b5fcac30f16fb,1
3_59b4e96e5277a2a2,1
3_5a1bee84c1924dad,1
3_5a42c810aa7cd2d6,1
3_5abdaf46d0f031c5,1
3_5d5c557141283747,1
3_5ddb2b5f7ec29f3d,1
3_5e884936fd30f554,1
3_5fd4040dfe8cb5ee,1
3_5ffa6e5dbf0f9b31,1
3_61bf2205e2632b0c,1
3_621662b9ce9c40b5,1
3_635957e4eacf1003,1
3_639e922489c0d902,1
3_64d15c0e5714cea7,1
3_654f02f50c86dc6f,1
3_65b16d2bdee6d8c9,1
3_660b9463fb6598fb,1
3_6850632caf65cf4f,1
3_68b389b185232ad8,1
3_691fcd06eca7f464,1
3_6a2ffc2376bd2d2b,1
3_6d31a9a532c47b6b,1
3_6d56dcee489b72ff,1
3_6da99422cd374fb2,1
3_6de5fc72b45e09f1,1
3_6e5ec2f6e6b7174a,1
3_6e70d3bc8c5d8cb0,1
3_6e9b94d13783a3e8,1
3_6eb74b1b3d9c97b5,1
3_6edbc27d061650b8,1
3_6f67158e74f9b7fd,1
3_6fbb5bb674b32adf,1
3_714088a321922bdb,1
3_718449378f127106,1
3_72102bf832e38d3d,1
3_724b6e22dc918877,1
3_72c45dc16e4fd8b0,1
3_7380968c36a0725b,1
3_73daaf8b14306a78,1
3_7475190aa4ec009f,1
3_74e104c3811a6a92,1
3_755981da30a6e95f,1
3_7599c846c87ba358,1
3_75cd916caaf837e1,1
3_7601d333ccbd0bbd,1
3_76b841b78f665139,1
3_77b9b1d4ab41a3a2,1
3_784c0eff875158cc,1
3_7961f4ef41ee1759,1
3_79e3e7a38ca4a32d,1
3_7a1728cab8ccac5f,1
3_7abdee014103bccd,1
3_7b5f748955f7cf02,1
3_7becac98011e195e,1
3_7c2c175b322d28de,1
3_7ce5dc80c0b5400f,1
3_7d5f84898aa41dd3,1
3_7de345c70f337006,1
3_7faecf8c274dc3d0,1
3_7fe826ad3bc60d4d,1
3_80bbf66d0917e5a8,1
3_826809879ba31a2e,1
3_8480c4f158da4842,1
3_857368c490bc8b47,1
3_8688748b7adcf0e8,1
3_8834be5497e6ffe4,1
3_88ed83257c98ffab,1
3_8943ac6c22bf723f,1
3_899de7fa4215c165,1
3_8a784f3d20b8dbdd,1
3_8bf6781349724268,1
3_8cec179024855f94,1
3_8cfb0bd900c660ea,1
3_8d201f7e310af500,1
3_8d4c40794abc3ab1,1
3_8f57a7447444b4d1,1
3_901795f8562787ac,1
3_901e909c150cbc10,1
3_904476ad68eef415,1
3_92e1bcd94129c620,1
3_938e1312c4b136dd,1
3_94b96ce173b86cd6,1
3_950a5fa80ac24910,1
3_950d7f371d043243,1
3_96a3a3d3e92988a6,1
3_977827ccd7ab6fb7,1
3_986820357d3267da,1
3_9885ce80d681eacb,1
3_99624131d7a10628,1
3_99dff5f1f7ddbcce,1
3_9abb90fd0b22c3ac,1
3_9d4404e0e2be6cf2,1
3_9dbed97635dc7a13,1
3_9de2c551ead4c54d,1
3_9e1bcaf429a66ded,1
3_9e1d55ea8b6a2323,1
3_9e6f7042ed50d988,1
3_9e7827247ae4e667,1
3_9f835a62f68f38ec,1
3_a22d2ad8349cd41d,1
3_a3e897e3779815f0,1
3_a5a0ebedd818c78a,1
3_a5f52142a8f03b7b,1
3_a6353edd0a2449b2,1
3_a6f91177b7f8509e,1
3_a7983501ca9127f3,1
3_a7c2cd27c78c21ff,1
3_a7ef3b9e7c86a95f,1
3_aa6d71397bb0a43a,1
3_aa993d86ef7f3b6f,1
3_ab1393ea63cfac0a,1
3_ab54369391d53a09,1
3_abab1fe6288caccd,1
3_acf02d56fc29c720,1
3_ada7dd3959a83a9f,1
3_ae4546eacbbc4c63,1
3_af23a843f9f511d4,1
3_af6a72e2341fc588,1
3_af8867721f6c08a3,1
3_afe3a69c68533d55,1
3_b0c8bc4462adf3c2,1
3_b201cc8c456b35a3,1
3_b285743040fc052d,1
3_b2d84891e874f6fc,1
3_b42122cf7bdac8df,1
3_b6ea843c4925203c,1
3_b70fd78ab4bb9447,1
3_b76b1596939244cf,1
3_b7f02e0dcd061a74,1
3_b966eb94ea9d6ed3,1
3_ba42df1f5dd54fb6,1
3_ba5279d2fe85933b,1
3_ba8388acd69f7543,1
3_bb1f9f55653b75ad,1
3_bc4d6df509458407,1
3_bcc5082e88e022ae,1
3_bd0c8b33abfd34a2,1
3_bd316c6ec9735557,1
3_bd667155fc7a755d,1
3_bd76aa0f023d26fe,1
3_bdb80fc2b99933de,1
3_bf498be03dfae931,1
3_c084c48c03e6b6ff,1
3_c08f31f37a64691b,1
3_c09b5dbd4273e872,1
3_c0f03b785e7317c5,1
3_c154313c9d7db07c,1
3_c2575883108fd661,1
3_c2a13eb51933fdd4,1
3_c2f2466ee036aa6c,1
3_c3f3b073b0827a38,1
3_c45dddc69e9f7b61,1
3_c497b121033bafaa,1
3_c4c4deaad57cf656,1
3_c56cbc0ed5e89c07,1
3_c5a66cb9a138494d,1
3_c60e1c93eef58d8b,1
3_c74377f5a641e319,1
3_c7c27df20055e6c6,1
3_c853a292cd1aefca,1
3_ca7ca1c20d405ebd,1
3_cb2c61d66b719567,1
3_cd7ba39b2f043136,1
3_ce8fb36513dc3db7,1
3_cf6e7f97e985ee66,1
3_cfa8e1d3b48230b7,1
3_cfb983fa2aad20a4,1
3_cfe2703b7367fa69,1
3_d00fde6bb0acad55,1
3_d068acec955971c9,1
3_d1326f7d9637e40f,1
3_d198cb7afca66a82,1
3_d1ecdab98248ce33,1
3_d2c051d674dd5def,1
3_d43ca50e5df35182,1
3_d55c299550011aa7,1
3_d5a5d71e7e742a75,1
3_d5b3a8ce18ec2268,1
3_d5cbdb12a97916fd,1
3_d629f09b44778c36,1
3_d6876ecb1c66f291,1
3_d6f4ea261f546399,1
3_d712a9a6aad1f53a,1
3_d7171a0d62a08a37,1
3_d7de4d0dd259a257,1
3_d8ad7dbbf33b18de,1
3_d8caf6e794e8314e,1
3_d90fd3c3ff7981ba,1
3_da65770ecae34916,1
3_dc05dcefc570d755,1
3_dcf908cc75bd690c,1
3_dd3e3434a9b7d294,1
3_de2964eedc57770e,1
3_de7145e24d3f54a8,1
3_dea27fa62416fbb4,1
3_dec1480d2a4c9285,1
3_df7c1c59842e8e68,1
3_e2498c34b0d585dd,1
3_e2ad59a991302419,1
3_e2df620e15d193b0,1
3_e312b2846ab1973c,1
3_e46914053eb1d122,1
3_e5c9ecce43425ac6,1
3_e71235126cec2ee8,1
3_e719f0bdca4f0610,1
3_e781d3f044b08888,1
3_e7e3709bf56af370,1
3_e80f827d5bc68096,1
3_e9986017a8bab775,1
3_ea6c98418b2be9fd,1
3_eafadb5462d4db25,1
3_ec1feff15d42465b,1
3_ec38ec5fc5a025e0,1
3_ed9fd1a1711167b8,1
3_ee021b6099f7392d,1
3_ee0f26b47bbb1f5b,1
3_ee74b23bc7f78e5f,1
3_ee93f143ce58fd0a,1
3_ef21197b1be27a9f,1
3_ef4e0d831941541e,1
3_f004a10f723b8f7d,1
3_f0f9f4049b57bf36,1
3_f2a8953ba92c1733,1
3_f3eb7b0d79f4603d,1
3_f495456aaa31990a,1
3_f54e55a2f35e1918,1
3_f553ff4630faea9a,1
3_f681a004323dc057,1
3_f6de02e5d3a311ca,1
3_f70f2deca1873a4e,1
3_f7c0c8a19f2b7699,1
3_f82416a7690d3925,1
3_f872b9f1196b3ed3,1
3_f9494320077532c2,1
3_f96657a0372f2256,1
3_f9b3aa8fa7d3c7f7,1
3_fa59618743e60192,1
3_faa69cfeb89904af,1
3_faf0199c1be362ba,1
3_fb7896f038de5983,1
3_fbca5f347c552093,1
3_fc60c431e545bc20,1
3_fcbd2db5d34cb191,1
3_fe57d87065db8941,1
40_531f3c05dde112dd,1
40_f82416a7690d3925,1
41_531f3c05dde112dd,1
41_f82416a7690d3925,1
42_531f3c05dde112dd,1
42_f82416a7690d3925,1
43_531f3c05dde112dd,1
43_f82416a7690d3925,1
44_531f3c05dde112dd,1
44_f82416a7690d3925,1
45_531f3c05dde112dd,1
45_f82416a7690d3925,1
46_531f3c05dde112dd,1
46_f82416a7690d3925,1
47_531f3c05dde112dd,1
47_f82416a7690d3925,1
48_531f3c05dde112dd,1
48_f82416a7690d3925,1
49_531f3c05dde112dd,1
49_f82416a7690d3925,1
4_015f426e437e233e,1
4_0197d332c60f6bc5,1
4_01b42b21a35921af,1
4_036d56ba86730db7,1
4_043420601c594528,1
4_04792ff56b0eb66a,1
4_04886a16f1606e9b,1
4_0684e74c24d3f4a1,1
4_08438c38f7c796c5,1
4_0894f05954f6d665,1
4_090ab26d1a5e0fee,1
4_0974b0c5d757e143,1
4_0b932698d49fc16a,1
4_0c5799890e848d8a,1
4_0db81d9c0b1726f8,1
4_0df047e7ab7eacd5,1
4_0ef9839d497081cf,1
4_0ffb569501bc4302,1
4_1228372f0d12f270,1
4_133be730a6a7ef7c,1
4_14b401286b5f3a5b,1
4_1517aad4d4dcaf1d,1
4_151ac37a9e95ba89,1
4_15cc6b372ecee7f8,1
4_16596ef68fa37e8c,1
4_18e21b8588da29d5,1
4_1dea67284012ce7e,1
4_1df8ca4bc5c5247a,1
4_204e9f84b3679038,1
4_20cfd25918ef02bd,1
4_24f0be601c5ce347,1
4_251e44fbaf1c6682,1
4_279c42cf17eeedce,1
4_27c9945070b0263d,1
4_28d210d29d99add0,1
4_2902043eb6135fdc,1
4_2a1ff40c0c507c84,1
4_2b49be226d0a3bc2,1
4_2b587e2f6dc2e70c,1
4_2b9b8dbd582d90ae,1
4_2d0e933a4750afce,1
4_2e4c2bbeebdd3379,1
4_2f008b21392576e2,1
4_2fdaeaf845fe4dfe,1
4_31fd074af7c78f2f,1
4_33a0cdc87728fe26,1
4_3425610e789e7108,1
4_346da7568ab6d933,1
4_34fafaa980bac488,1
4_35a5bd1b2b4d99e0,1
4_35eb62e7bf0408c8,1
4_36721b6448276646,1
4_36e6d132430802ee,1
4_37b076a267bc98c8,1
4_386ce429b126cf61,1
4_3a0add8d7b586daa,1
4_3a14e89b999c4af2,1
4_3d4632b0a37da088,1
4_3d513d0fe269a42a,1
4_3d6fe4734097e0fd,1
4_3dc1bb367b873cd1,1
4_3f48243eeedc2566,1
4_3f714da2e302d588,1
4_3fc9cd9eb54220a6,1
4_4115398d4e0bc389,1
4_42d29a0569e97da4,1
4_430eec889dc36661,1
4_43caf3f0e52bd1cb,1
4_453a2c4c2c77b025,1
4_46a55952c0befd83,1
4_46ad21de65a05cdb,1
4_4702dfe15e2bc1c9,1
4_4791665f7a241300,1
4_47a2349b39ae073b,1
4_49777d88f3e63139,1
4_4a3f4936e9e233cb,1
4_4a792afbb93aed96,1
4_4b581c074ee14f99,1
4_4b81e48b777dc327,1
4_4ba00b9932827478,1
4_4bd270ee67100cf3,1
4_4c2f29e119df8b1b,1
4_4c5190d428aa65ab,1
4_4df8855c74f4c2b6,1
4_4e39b162704e3806,1
4_4e92f027d54438f4,1
4_50445917d2778d55,1
4_50a9cbe160d31ff4,1
4_516bc20c269478ac,1
4_51f1b1df222f6903,1
4_531f3c05dde112dd,1
4_547d718619fe1f39,1
4_5740b614ecc0f9d8,1
4_5750a1ee1c64d191,1
4_576a743f9efbcea4,1
4_59b4e96e5277a2a2,1
4_5a1bee84c1924dad,1
4_5a42c810aa7cd2d6,1
4_5c165db5a457b678,1
4_5d5c557141283747,1
4_5fd4040dfe8cb5ee,1
4_5ffa6e5dbf0f9b31,1
4_621662b9ce9c40b5,1
4_635957e4eacf1003,1
4_639e922489c0d902,1
4_64d15c0e5714cea7,1
4_654f02f50c86dc6f,1
4_65b16d2bdee6d8c9,1
4_660b9463fb6598fb,1
4_66ba22e56e4f401d,1
4_6850632caf65cf4f,1
4_68b389b185232ad8,1
4_691fcd06eca7f464,1
4_6d31a9a532c47b6b,1
4_6da99422cd374fb2,1
4_6de5fc72b45e09f1,1
4_6e5ec2f6e6b7174a,1
4_6edbc27d061650b8,1
4_6f67158e74f9b7fd,1
4_6fbb5bb674b32adf,1
4_714088a321922bdb,1
4_719454ad93f923a4,1
4_724b6e22dc918877,1
4_7380968c36a0725b,1
4_7475190aa4ec009f,1
4_7497812045c1278d,1
4_74e104c3811a6a92,1
4_7599c846c87ba358,1
4_75cd916caaf837e1,1
4_7601d333ccbd0bbd,1
4_767f16c6a72274b5,1
4_76b841b78f665139,1
4_77b9b1d4ab41a3a2,1
4_782ab5cf983385b7,1
4_784c0eff875158cc,1
4_7961f4ef41ee1759,1
4_79e3e7a38ca4a32d,1
4_7abdee014103bccd,1
4_7b116aeeecee1345,1
4_7b5f748955f7cf02,1
4_7c2c175b322d28de,1
4_7ce5dc80c0b5400f,1
4_7d5f84898aa41dd3,1
4_80bbf66d0917e5a8,1
4_81446848b0f39bf2,1
4_8480c4f158da4842,1
4_8688748b7adcf0e8,1
4_8757154029d0a593,1
4_8834be5497e6ffe4,1
4_899de7fa4215c165,1
4_8a784f3d20b8dbdd,1
4_8bf6781349724268,1
4_8cec179024855f94,1
4_8cfb0bd900c660ea,1
4_8d201f7e310af500,1
4_8d4c40794abc3ab1,1
4_8f57a7447444b4d1,1
4_901795f8562787ac,1
4_904476ad68eef415,1
4_92e1bcd94129c620,1
4_938e1312c4b136dd,1
4_94b96ce173b86cd6,1
4_950a5fa80ac24910,1
4_950d7f371d043243,1
4_96a3a3d3e92988a6,1
4_97f24865ecaedd4a,1
4_9885ce80d681eacb,1
4_99624131d7a10628,1
4_99dff5f1f7ddbcce,1
4_9a8d0f3689c97ea5,1
4_9c5a351a1190e7d4,1
4_9de2c551ead4c54d,1
4_9e1bcaf429a66ded,1
4_9e1d55ea8b6a2323,1
4_9e6f7042ed50d988,1
4_9e7827247ae4e667,1
4_9f835a62f68f38ec,1
4_a22d2ad8349cd41d,1
4_a3e897e3779815f0,1
4_a42d3bda8502ae88,1
4_a7138e02454f327f,1
4_a7ef3b9e7c86a95f,1
4_aa993d86ef7f3b6f,1
4_ab1393ea63cfac0a,1
4_ab54369391d53a09,1
4_abab1fe6288caccd,1
4_acf02d56fc29c720,1
4_ae4546eacbbc4c63,1
4_af23a843f9f511d4,1
4_af8867721f6c08a3,1
4_b0c8bc4462adf3c2,1
4_b201cc8c456b35a3,1
4_b2d84891e874f6fc,1
4_b5331859aeb05abd,1
4_b5d6d660f7505e85,1
4_b69e018cc124a22b,1
4_b6ea843c4925203c,1
4_b70fd78ab4bb9447,1
4_b76b1596939244cf,1
4_b966eb94ea9d6ed3,1
4_ba5279d2fe85933b,1
4_ba8388acd69f7543,1
4_bb1f9f55653b75ad,1
4_bc4d6df509458407,1
4_bcc5082e88e022ae,1
4_bd0c8b33abfd34a2,1
4_bd316c6ec9735557,1
4_bd76aa0f023d26fe,1
4_bdb80fc2b99933de,1
4_bf498be03dfae931,1
4_c084c48c03e6b6ff,1
4_c08f31f37a64691b,1
4_c0f03b785e7317c5,1
4_c1b879d5908e5e41,1
4_c2575883108fd661,1
4_c2f2466ee036aa6c,1
4_c45dddc69e9f7b61,1
4_c497b121033bafaa,1
4_c4c4deaad57cf656,1
4_c5a66cb9a138494d,1
4_c60e1c93eef58d8b,1
4_c74377f5a641e319,1
4_c7c27df20055e6c6,1
4_ca7ca1c20d405ebd,1
4_cb2c61d66b719567,1
4_cd7ba39b2f043136,1
4_ce8fb36513dc3db7,1
4_cf6e7f97e985ee66,1
4_cfa8e1d3b48230b7,1
4_cfe2703b7367fa69,1
4_d00fde6bb0acad55,1
4_d068acec955971c9,1
4_d1326f7d9637e40f,1
4_d198cb7afca66a82,1
4_d1ecdab98248ce33,1
4_d424b0bf7e556cbb,1
4_d43ca50e5df35182,1
4_d55c299550011aa7,1
4_d5a5d71e7e742a75,1
4_d5b3a8ce18ec2268,1
4_d5cbdb12a97916fd,1
4_d60818deee6555e6,1
4_d629f09b44778c36,1
4_d6876ecb1c66f291,1
4_d6f4ea261f546399,1
4_d7de4d0dd259a257,1
4_d8caf6e794e8314e,1
4_d90fd3c3ff7981ba,1
4_dc05dcefc570d755,1
4_de2964eedc57770e,1
4_de46aae36fa909fb,1
4_dea27fa62416fbb4,1
4_dec1480d2a4c9285,1
4_df7c1c59842e8e68,1
4_e2498c34b0d585dd,1
4_e2df620e15d193b0,1
4_e312b2846ab1973c,1
4_e46914053eb1d122,1
4_e5c9ecce43425ac6,1
4_e6e8c67192a53350,1
4_e7e3709bf56af370,1
4_e80f827d5bc68096,1
4_e9986017a8bab775,1
4_eafadb5462d4db25,1
4_ec1feff15d42465b,1
4_ee021b6099f7392d,1
4_ee0f26b47bbb1f5b,1
4_ee74b23bc7f78e5f,1
4_ef21197b1be27a9f,1
4_ef4e0d831941541e,1
4_f004a10f723b8f7d,1
4_f0f9f4049b57bf36,1
4_f3eb7b0d79f4603d,1
4_f495456aaa31990a,1
4_f681a004323dc057,1
4_f6de02e5d3a311ca,1
4_f6eeaf1d23c23444,1
4_f70f2deca1873a4e,1
4_f7c0c8a19f2b7699,1
4_f82416a7690d3925,1
4_f872b9f1196b3ed3,1
4_f9494320077532c2,1
4_f9c2b67a62785a55,1
4_fa59618743e60192,1
4_faf0199c1be362ba,1
4_fb7896f038de5983,1
4_fc60c431e545bc20,1
50_531f3c05dde112dd,1
50_f82416a7690d3925,1
51_531f3c05dde112dd,1
51_f82416a7690d3925,1
52_531f3c05dde112dd,1
52_f82416a7690d3925,1
53_531f3c05dde112dd,1
53_f82416a7690d3925,1
54_531f3c05dde112dd,1
54_f82416a7690d3925,1
55_531f3c05dde112dd,1
55_f82416a7690d3925,1
56_531f3c05dde112dd,1
56_f82416a7690d3925,1
57_531f3c05dde112dd,1
57_f82416a7690d3925,1
58_531f3c05dde112dd,1
58_f82416a7690d3925,1
59_531f3c05dde112dd,1
59_f82416a7690d3925,1
5_00867630c33e0500,1
5_0197d332c60f6bc5,1
5_036d56ba86730db7,1
5_043420601c594528,1
5_0894f05954f6d665,1
5_090ab26d1a5e0fee,1
5_0b932698d49fc16a,1
5_0db81d9c0b1726f8,1
5_0ef9839d497081cf,1
5_0ffb569501bc4302,1
5_14b401286b5f3a5b,1
5_1517aad4d4dcaf1d,1
5_151ac37a9e95ba89,1
5_15b8a800daf1d25d,1
5_16596ef68fa37e8c,1
5_18e21b8588da29d5,1
5_204e9f84b3679038,1
5_20cfd25918ef02bd,1
5_24f0be601c5ce347,1
5_251e44fbaf1c6682,1
5_2701a371d297316f,1
5_279c42cf17eeedce,1
5_27c9945070b0263d,1
5_2b49be226d0a3bc2,1
5_2b587e2f6dc2e70c,1
5_2b9b8dbd582d90ae,1
5_2d0e933a4750afce,1
5_2e4c2bbeebdd3379,1
5_2f008b21392576e2,1
5_2fdaeaf845fe4dfe,1
5_300aef488d7c0d19,1
5_31fd074af7c78f2f,1
5_33a0cdc87728fe26,1
5_3425610e789e7108,1
5_346da7568ab6d933,1
5_35a5bd1b2b4d99e0,1
5_35eb62e7bf0408c8,1
5_36721b6448276646,1
5_37b076a267bc98c8,1
5_386ce429b126cf61,1
5_3a0add8d7b586daa,1
5_3a14e89b999c4af2,1
5_3d4632b0a37da088,1
5_3d513d0fe269a42a,1
5_3d6fe4734097e0fd,1
5_3dc1bb367b873cd1,1
5_3f48243eeedc2566,1
5_3fc9cd9eb54220a6,1
5_42c069d558a8a4ed,1
5_42d29a0569e97da4,1
5_430eec889dc36661,1
5_43caf3f0e52bd1cb,1
5_453a2c4c2c77b025,1
5_46a55952c0befd83,1
5_4702dfe15e2bc1c9,1
5_4735838802ede9d8,1
5_477ac161d854a754,1
5_4a3f4936e9e233cb,1
5_4a792afbb93aed96,1
5_4b581c074ee14f99,1
5_4b81e48b777dc327,1
5_4ba00b9932827478,1
5_4c2f29e119df8b1b,1
5_4c5190d428aa65ab,1
5_4df8855c74f4c2b6,1
5_4e92f027d54438f4,1
5_50445917d2778d55,1
5_50a9cbe160d31ff4,1
5_516bc20c269478ac,1
5_51f1b1df222f6903,1
5_531f3c05dde112dd,1
5_547d718619fe1f39,1
5_55741070d16907ac,1
5_5750a1ee1c64d191,1
5_576a743f9efbcea4,1
5_59b4e96e5277a2a2,1
5_5a1bee84c1924dad,1
5_5a88e7a589af1b31,1
5_5d5c557141283747,1
5_5ddb2b5f7ec29f3d,1
5_5fd4040dfe8cb5ee,1
5_635957e4eacf1003,1
5_660b9463fb6598fb,1
5_67edada6e768b3c1,1
5_684473f798768fbc,1
5_691fcd06eca7f464,1
5_6da99422cd374fb2,1
5_6e5ec2f6e6b7174a,1
5_6f58a2c82030f254,1
5_6f67158e74f9b7fd,1
5_6fbb5bb674b32adf,1
5_7210013193ea6fe8,1
5_7380968c36a0725b,1
5_7475190aa4ec009f,1
5_76b841b78f665139,1
5_77b9b1d4ab41a3a2,1
5_784c0eff875158cc,1
5_7961f4ef41ee1759,1
5_79e3e7a38ca4a32d,1
5_7abdee014103bccd,1
5_7b5f748955f7cf02,1
5_7becac98011e195e,1
5_7c2c175b322d28de,1
5_7c65d10e6e7ec496,1
5_7ce5dc80c0b5400f,1
5_81446848b0f39bf2,1
5_8480c4f158da4842,1
5_861f1603360d443d,1
5_862aae20eca6f3be,1
5_8693e56cd8b97ff8,1
5_8834be5497e6ffe4,1
5_899de7fa4215c165,1
5_8a784f3d20b8dbdd,1
5_8bf6781349724268,1
5_8cec179024855f94,1
5_8cfb0bd900c660ea,1
5_8d201f7e310af500,1
5_8f57a7447444b4d1,1
5_901795f8562787ac,1
5_938e1312c4b136dd,1
5_94b96ce173b86cd6,1
5_950a5fa80ac24910,1
5_9885ce80d681eacb,1
5_99dff5f1f7ddbcce,1
5_9c5a351a1190e7d4,1
5_9de2c551ead4c54d,1
5_9e6f7042ed50d988,1
5_a1dd30586181c7c7,1
5_a3e897e3779815f0,1
5_a5a0ebedd818c78a,1
5_a7ef3b9e7c86a95f,1
5_aa993d86ef7f3b6f,1
5_abab1fe6288caccd,1
5_acf02d56fc29c720,1
5_ae4546eacbbc4c63,1
5_b2d84891e874f6fc,1
5_b5d6d660f7505e85,1
5_b6ea843c4925203c,1
5_b70fd78ab4bb9447,1
5_b76b1596939244cf,1
5_ba5279d2fe85933b,1
5_ba8388acd69f7543,1
5_bb1f9f55653b75ad,1
5_bd316c6ec9735557,1
5_bd667155fc7a755d,1
5_bd76aa0f023d26fe,1
5_bf498be03dfae931,1
5_c084c48c03e6b6ff,1
5_c09b5dbd4273e872,1
5_c0f03b785e7317c5,1
5_c1b879d5908e5e41,1
5_c2575883108fd661,1
5_c2bc0c3329608080,1
5_c2f2466ee036aa6c,1
5_c391e7556535bfcd,1
5_c45dddc69e9f7b61,1
5_c497b121033bafaa,1
5_c60e1c93eef58d8b,1
5_c74377f5a641e319,1
5_c7c27df20055e6c6,1
5_ca7ca1c20d405ebd,1
5_cb2c61d66b719567,1
5_ce8fb36513dc3db7,1
5_cfa8e1d3b48230b7,1
5_cfe2703b7367fa69,1
5_d068acec955971c9,1
5_d198cb7afca66a82,1
5_d1ecdab98248ce33,1
5_d55c299550011aa7,1
5_d5b3a8ce18ec2268,1
5_d629f09b44778c36,1
5_d6f4ea261f546399,1
5_d7de4d0dd259a257,1
5_d90fd3c3ff7981ba,1
5_dc05dcefc570d755,1
5_de2964eedc57770e,1
5_dea27fa62416fbb4,1
5_dec1480d2a4c9285,1
5_df7c1c59842e8e68,1
5_e18c5c7eb8b811ef,1
5_e2df620e15d193b0,1
5_e312b2846ab1973c,1
5_e46914053eb1d122,1
5_e5c9ecce43425ac6,1
5_e64ca2660e8587cd,1
5_e719f0bdca4f0610,1
5_e7e3709bf56af370,1
5_e9986017a8bab775,1
5_ec1feff15d42465b,1
5_ec38ec5fc5a025e0,1
5_ecbd6c539b2e33a7,1
5_ee0f26b47bbb1f5b,1
5_ef21197b1be27a9f,1
5_ef4e0d831941541e,1
5_f004a10f723b8f7d,1
5_f0f9f4049b57bf36,1
5_f681a004323dc057,1
5_f6de02e5d3a311ca,1
5_f6eeaf1d23c23444,1
5_f70f2deca1873a4e,1
5_f7c0c8a19f2b7699,1
5_f82416a7690d3925,1
5_f9494320077532c2,1
5_fa39fd94aa9d807b,1
5_fa59618743e60192,1
5_faf0199c1be362ba,1
5_fc60c431e545bc20,1
60_531f3c05dde112dd,1
60_f82416a7690d3925,1
61_531f3c05dde112dd,1
61_f82416a7690d3925,1
62_531f3c05dde112dd,1
62_f82416a7690d3925,1
63_531f3c05dde112dd,1
63_f82416a7690d3925,1
64_531f3c05dde112dd,1
64_f82416a7690d3925,1
65_531f3c05dde112dd,1
65_f82416a7690d3925,1
66_531f3c05dde112dd,1
66_f82416a7690d3925,1
67_531f3c05dde112dd,1
67_f82416a7690d3925,1
68_531f3c05dde112dd,1
68_f82416a7690d3925,1
69_531f3c05dde112dd,1
69_f82416a7690d3925,1
6_00867630c33e0500,1
6_036d56ba86730db7,1
6_043420601c594528,1
6_08438c38f7c796c5,1
6_0894f05954f6d665,1
6_0b932698d49fc16a,1
6_0db81d9c0b1726f8,1
6_0ef9839d497081cf,1
6_0ffb569501bc4302,1
6_1517aad4d4dcaf1d,1
6_151ac37a9e95ba89,1
6_16596ef68fa37e8c,1
6_1eca8923924cd689,1
6_1f986908a3b3668b,1
6_204e9f84b3679038,1
6_20cfd25918ef02bd,1
6_24f0be601c5ce347,1
6_251e44fbaf1c6682,1
6_2701a371d297316f,1
6_279c42cf17eeedce,1
6_27c9945070b0263d,1
6_2b49be226d0a3bc2,1
6_2b587e2f6dc2e70c,1
6_2b9b8dbd582d90ae,1
6_2d0e933a4750afce,1
6_2e4c2bbeebdd3379,1
6_2fdaeaf845fe4dfe,1
6_300aef488d7c0d19,1
6_31fd074af7c78f2f,1
6_33a0cdc87728fe26,1
6_3425610e789e7108,1
6_346da7568ab6d933,1
6_35342aeeafa21a61,1
6_35a5bd1b2b4d99e0,1
6_35eb62e7bf0408c8,1
6_37b076a267bc98c8,1
6_386ce429b126cf61,1
6_3a0add8d7b586daa,1
6_3a14e89b999c4af2,1
6_3d6fe4734097e0fd,1
6_3f48243eeedc2566,1
6_3fc9cd9eb54220a6,1
6_42d29a0569e97da4,1
6_430eec889dc36661,1
6_43caf3f0e52bd1cb,1
6_453a2c4c2c77b025,1
6_46a55952c0befd83,1
6_4702dfe15e2bc1c9,1
6_477ac161d854a754,1
6_4a3f4936e9e233cb,1
6_4a792afbb93aed96,1
6_4b581c074ee14f99,1
6_4b81e48b777dc327,1
6_4ba00b9932827478,1
6_4c2f29e119df8b1b,1
6_4c5190d428aa65ab,1
6_4df8855c74f4c2b6,1
6_4e92f027d54438f4,1
6_4f3d7f6ba1cd6fe6,1
6_50a9cbe160d31ff4,1
6_51f1b1df222f6903,1
6_531f3c05dde112dd,1
6_55741070d16907ac,1
6_576a743f9efbcea4,1
6_59b4e96e5277a2a2,1
6_5a1bee84c1924dad,1
6_5b53afb03864bf8b,1
6_5d5c557141283747,1
6_660b9463fb6598fb,1
6_6850632caf65cf4f,1
6_691fcd06eca7f464,1
6_6bd2aba43f5584ae,1
6_6da99422cd374fb2,1
6_6e5ec2f6e6b7174a,1
6_6f67158e74f9b7fd,1
6_7210013193ea6fe8,1
6_7380968c36a0725b,1
6_7475190aa4ec009f,1
6_77b9b1d4ab41a3a2,1
6_782ab5cf983385b7,1
6_784c0eff875158cc,1
6_79e3e7a38ca4a32d,1
6_7abdee014103bccd,1
6_7b5f748955f7cf02,1
6_7c2c175b322d28de,1
6_7ce5dc80c0b5400f,1
6_80f9987cfeaca1a0,1
6_8480c4f158da4842,1
6_861f1603360d443d,1
6_899de7fa4215c165,1
6_8bf6781349724268,1
6_8cec179024855f94,1
6_8cfb0bd900c660ea,1
6_901795f8562787ac,1
6_94b96ce173b86cd6,1
6_977827ccd7ab6fb7,1
6_9885ce80d681eacb,1
6_9de2c551ead4c54d,1
6_a3e897e3779815f0,1
6_a5a0ebedd818c78a,1
6_a7983501ca9127f3,1
6_a7ef3b9e7c86a95f,1
6_ae4546eacbbc4c63,1
6_afe3a69c68533d55,1
6_b2d84891e874f6fc,1
6_b5d6d660f7505e85,1
6_b6ea843c4925203c,1
6_b70fd78ab4bb9447,1
6_b76b1596939244cf,1
6_ba8388acd69f7543,1
6_bd316c6ec9735557,1
6_bd76aa0f023d26fe,1
6_bf498be03dfae931,1
6_c084c48c03e6b6ff,1
6_c08f31f37a64691b,1
6_c0f03b785e7317c5,1
6_c2575883108fd661,1
6_c2bc0c3329608080,1
6_c497b121033bafaa,1
6_c60e1c93eef58d8b,1
6_c64c84173ebe9bf6,1
6_c7c27df20055e6c6,1
6_ca7ca1c20d405ebd,1
6_ce8fb36513dc3db7,1
6_cfa8e1d3b48230b7,1
6_cfe2703b7367fa69,1
6_d068acec955971c9,1
6_d198cb7afca66a82,1
6_d55c299550011aa7,1
6_d5b3a8ce18ec2268,1
6_d629f09b44778c36,1
6_d6f4ea261f546399,1
6_d7de4d0dd259a257,1
6_d8ad7dbbf33b18de,1
6_d8caf6e794e8314e,1
6_d90fd3c3ff7981ba,1
6_dc05dcefc570d755,1
6_dea27fa62416fbb4,1
6_e2df620e15d193b0,1
6_e312b2846ab1973c,1
6_e46914053eb1d122,1
6_ec1feff15d42465b,1
6_ec38ec5fc5a025e0,1
6_ee0f26b47bbb1f5b,1
6_ef4e0d831941541e,1
6_f0f9f4049b57bf36,1
6_f681a004323dc057,1
6_f6eeaf1d23c23444,1
6_f82416a7690d3925,1
6_f9c2b67a62785a55,1
6_fa39fd94aa9d807b,1
6_faf0199c1be362ba,1
70_531f3c05dde112dd,1
70_f82416a7690d3925,1
71_531f3c05dde112dd,1
71_f82416a7690d3925,1
72_531f3c05dde112dd,1
72_f82416a7690d3925,1
73_531f3c05dde112dd,1
73_f82416a7690d3925,1
74_f82416a7690d3925,1
75_f82416a7690d3925,1
76_f82416a7690d3925,1
77_f82416a7690d3925,1
78_f82416a7690d3925,1
79_f82416a7690d3925,1
7_00867630c33e0500,1
7_043420601c594528,1
7_08438c38f7c796c5,1
7_0b932698d49fc16a,1
7_0db81d9c0b1726f8,1
7_0ef9839d497081cf,1
7_1517aad4d4dcaf1d,1
7_151ac37a9e95ba89,1
7_1eca8923924cd689,1
7_1f986908a3b3668b,1
7_204e9f84b3679038,1
7_20cfd25918ef02bd,1
7_24f0be601c5ce347,1
7_251e44fbaf1c6682,1
7_2701a371d297316f,1
7_27c9945070b0263d,1
7_2b49be226d0a3bc2,1
7_2b587e2f6dc2e70c,1
7_2d0e933a4750afce,1
7_2e4c2bbeebdd3379,1
7_2fdaeaf845fe4dfe,1
7_33a0cdc87728fe26,1
7_35a5bd1b2b4d99e0,1
7_386ce429b126cf61,1
7_3a0add8d7b586daa,1
7_3fc9cd9eb54220a6,1
7_42d29a0569e97da4,1
7_43caf3f0e52bd1cb,1
7_453a2c4c2c77b025,1
7_4a3f4936e9e233cb,1
7_4a792afbb93aed96,1
7_4b581c074ee14f99,1
7_4b81e48b777dc327,1
7_4ba00b9932827478,1
7_4c2f29e119df8b1b,1
7_4e92f027d54438f4,1
7_531f3c05dde112dd,1
7_576a743f9efbcea4,1
7_59b4e96e5277a2a2,1
7_5b53afb03864bf8b,1
7_5d5c557141283747,1
7_5e884936fd30f554,1
7_660b9463fb6598fb,1
7_6850632caf65cf4f,1
7_6da99422cd374fb2,1
7_6e5ec2f6e6b7174a,1
7_6f67158e74f9b7fd,1
7_7475190aa4ec009f,1
7_77b9b1d4ab41a3a2,1
7_782ab5cf983385b7,1
7_79e3e7a38ca4a32d,1
7_7b5f748955f7cf02,1
7_7becac98011e195e,1
7_7c2c175b322d28de,1
7_8080b1dc267c1279,1
7_862aae20eca6f3be,1
7_8693e56cd8b97ff8,1
7_8bf6781349724268,1
7_8cec179024855f94,1
7_8cfb0bd900c660ea,1
7_8f68832c698c782e,1
7_901795f8562787ac,1
7_95cd1d657b4e4204,1
7_977827ccd7ab6fb7,1
7_9885ce80d681eacb,1
7_9c5a351a1190e7d4,1
7_9de2c551ead4c54d,1
7_a7983501ca9127f3,1
7_ae4546eacbbc4c63,1
7_afe3a69c68533d55,1
7_b2d84891e874f6fc,1
7_b3ce2d7d57de928d,1
7_b6ea843c4925203c,1
7_ba8388acd69f7543,1
7_bd316c6ec9735557,1
7_bf498be03dfae931,1
7_c084c48c03e6b6ff,1
7_c08f31f37a64691b,1
7_c2575883108fd661,1
7_c2bc0c3329608080,1
7_c497b121033bafaa,1
7_c7c27df20055e6c6,1
7_ca7ca1c20d405ebd,1
7_ce8fb36513dc3db7,1
7_cfe2703b7367fa69,1
7_d068acec955971c9,1
7_d198cb7afca66a82,1
7_d424b0bf7e556cbb,1
7_d55c299550011aa7,1
7_d6876ecb1c66f291,1
7_d6f4ea261f546399,1
7_d7de4d0dd259a257,1
7_d90fd3c3ff7981ba,1
7_dc05dcefc570d755,1
7_dea27fa62416fbb4,1
7_df7c1c59842e8e68,1
7_e2df620e15d193b0,1
7_e46914053eb1d122,1
7_ec1feff15d42465b,1
7_ee0f26b47bbb1f5b,1
7_ef4e0d831941541e,1
7_f0f9f4049b57bf36,1
7_f681a004323dc057,1
7_f6eeaf1d23c23444,1
7_f70f2deca1873a4e,1
7_f82416a7690d3925,1
7_f9c2b67a62785a55,1
7_faf0199c1be362ba,1
7_fb02169b40d60461,1
80_f82416a7690d3925,1
81_f82416a7690d3925,1
82_f82416a7690d3925,1
83_f82416a7690d3925,1
84_f82416a7690d3925,1
85_f82416a7690d3925,1
86_f82416a7690d3925,1
87_f82416a7690d3925,1
88_f82416a7690d3925,1
89_f82416a7690d3925,1
8_00867630c33e0500,1
8_08438c38f7c796c5,1
8_0db81d9c0b1726f8,1
8_0ef9839d497081cf,1
8_1eca8923924cd689,1
8_1f986908a3b3668b,1
8_20cfd25918ef02bd,1
8_24f0be601c5ce347,1
8_251e44fbaf1c6682,1
8_2b49be226d0a3bc2,1
8_2b587e2f6dc2e70c,1
8_2e4c2bbeebdd3379,1
8_2fdaeaf845fe4dfe,1
8_33a0cdc87728fe26,1
8_386ce429b126cf61,1
8_3a0add8d7b586daa,1
8_3fc9cd9eb54220a6,1
8_42d29a0569e97da4,1
8_453a2c4c2c77b025,1
8_4a3f4936e9e233cb,1
8_4b581c074ee14f99,1
8_4ba00b9932827478,1
8_531f3c05dde112dd,1
8_5a88e7a589af1b31,1
8_5b53afb03864bf8b,1
8_5d5c557141283747,1
8_6850632caf65cf4f,1
8_6e5ec2f6e6b7174a,1
8_7961f4ef41ee1759,1
8_79e3e7a38ca4a32d,1
8_7c2c175b322d28de,1
8_8693e56cd8b97ff8,1
8_8cec179024855f94,1
8_9885ce80d681eacb,1
8_9c5a351a1190e7d4,1
8_b2d84891e874f6fc,1
8_b3ce2d7d57de928d,1
8_c2575883108fd661,1
8_c2bc0c3329608080,1
8_c64c84173ebe9bf6,1
8_ca7ca1c20d405ebd,1
8_d198cb7afca66a82,1
8_d8ad7dbbf33b18de,1
8_dc05dcefc570d755,1
8_dea27fa62416fbb4,1
8_df7c1c59842e8e68,1
8_e46914053eb1d122,1
8_ee0f26b47bbb1f5b,1
8_ef4e0d831941541e,1
8_f681a004323dc057,1
8_f6eeaf1d23c23444,1
8_f70f2deca1873a4e,1
8_f82416a7690d3925,1
90_f82416a7690d3925,1
91_f82416a7690d3925,1
92_f82416a7690d3925,1
93_f82416a7690d3925,1
94_f82416a7690d3925,1
95_f82416a7690d3925,1
96_f82416a7690d3925,1
97_f82416a7690d3925,1
98_f82416a7690d3925,1
99_f82416a7690d3925,1
9_00867630c33e0500,1
9_08438c38f7c796c5,1
9_0ef9839d497081cf,1
9_1eca8923924cd689,1
9_1f986908a3b3668b,1
9_24f0be601c5ce347,1
9_2b587e2f6dc2e70c,1
9_2e4c2bbeebdd3379,1
9_33a0cdc87728fe26,1
9_386ce429b126cf61,1
9_3fc9cd9eb54220a6,1
9_453a2c4c2c77b025,1
9_477ac161d854a754,1
9_4a3f4936e9e233cb,1
9_4b581c074ee14f99,1
9_4ba00b9932827478,1
9_531f3c05dde112dd,1
9_5b53afb03864bf8b,1
9_5d5c557141283747,1
9_6e5ec2f6e6b7174a,1
9_79e3e7a38ca4a32d,1
9_862aae20eca6f3be,1
9_8693e56cd8b97ff8,1
9_8cec179024855f94,1
9_9885ce80d681eacb,1
9_9c5a351a1190e7d4,1
9_b2d84891e874f6fc,1
9_c08f31f37a64691b,1
9_c2575883108fd661,1
9_d198cb7afca66a82,1
9_dc05dcefc570d755,1
9_dea27fa62416fbb4,1
9_df7c1c59842e8e68,1
9_ee0f26b47bbb1f5b,1
9_ef4e0d831941541e,1
9_f681a004323dc057,1
9_f6eeaf1d23c23444,1
9_f82416a7690d3925,1
